SALES,COST_OF_SALES,QUANTITY_SOLD,GROSS_PROFIT,DAILY_UNIT_PRICE,DAILY_GROSS_PROFIT_PERCENT,DAILY_GROSS_PROFIT_PER_UNIT
20495.11303,18375.05261,508,2120.06042,40.34471068898,10.34422409300,4.17334728346
22334.21253,19704.09315,521,2630.11938,42.86797030710,11.77619034700,5.04821378119
23234.18320,24104.08598,604,-869.90278,38.46719072848,-3.74406439200,-1.44023639073
24754.95718,25407.17407,643,-652.21689,38.49915580093,-2.63469205500,-1.01433419907
26870.32387,23516.04172,641,3354.28215,41.91938201248,12.48322188500,5.23288946958
27210.40663,23570.15916,647,3640.24747,42.05626990726,13.37814432400,5.62634848532
29751.22261,28084.23513,760,1666.98748,39.14634553947,5.60308899500,2.19340457895
30066.12618,25872.48835,715,4193.63783,42.05052612587,13.94804839500,5.86522773427
30194.71596,28605.46080,773,1589.25516,39.06172827943,5.26335522400,2.05595751617
30371.43134,26054.84917,709,4316.58217,42.83699765867,14.21263990400,6.08826822285
30423.39146,26053.79672,723,4369.59474,42.07937961272,14.36261550800,6.04369950207
30424.72626,27398.58813,755,3026.13813,40.29765067550,9.94631177300,4.00812997351
30831.69463,26577.07945,733,4254.61518,42.06233919509,13.79948533800,5.80438633015
31023.35977,27817.64247,768,3205.71730,40.39499970052,10.33323703100,4.17411106771
31219.95153,26893.30468,737,4326.64685,42.36085689281,13.85859566700,5.87061987788
32479.79639,30763.68812,829,1716.10827,39.17948901086,5.28361769700,2.07009441496
33225.67047,28489.08140,790,4736.58907,42.05781072152,14.25581185600,5.99568236709
34348.50419,32292.83760,817,2055.66659,42.04223279070,5.98473394500,2.51611577723
34406.75001,29884.33059,818,4522.41942,42.06204157702,13.14398895200,5.52863009780
35014.39948,30393.74012,832,4620.65936,42.08461475962,13.19645468300,5.55367711538
35165.97208,36841.96732,922,-1675.99524,38.14096754881,-4.76595737500,-1.81778225597
35169.91581,30133.31864,836,5036.59717,42.06927728469,14.32075412800,6.02463776316
36113.93487,31885.28845,896,4228.64642,40.30573088170,11.70918216300,4.71947145089
36692.67986,35299.06424,1047,1393.61562,35.04553950334,3.79807532500,1.33105598854
36851.76375,31574.32547,876,5277.43828,42.06822345890,14.32072102700,6.02447292237
37155.58848,34962.83050,883,2192.75798,42.07880915062,5.90155632000,2.48330462061
37453.00618,35108.20011,892,2344.80607,41.98767508969,6.26066185100,2.62870635650
37672.44729,33678.45927,877,3993.98802,42.95604023945,10.60188097000,4.55414825542
37726.61590,32490.13602,897,5236.47988,42.05865763657,13.88006783800,5.83777021182
37776.65877,32719.68964,880,5056.96913,42.92802132955,13.38649127400,5.74655582955
37870.11903,32436.79597,900,5433.32306,42.07791003333,14.34725635700,6.03702562222
37923.76586,34031.14949,940,3892.61637,40.34443176596,10.26431917200,4.14108124468
38340.59961,35918.33515,913,2422.26446,41.99408500548,6.31775320300,2.65308265060
38648.13752,35038.06869,906,3610.06883,42.65798843267,9.34086106500,3.98462343267
39104.63910,33890.36043,930,5214.27867,42.04799903226,13.33416901400,5.60675125806
39403.65856,34229.63192,937,5174.02664,42.05299739594,13.13082802200,5.52190676628
39463.40906,41414.41837,1035,-1951.00931,38.12889764251,-4.94384382000,-1.88503314976
39809.55909,34091.56966,946,5717.98943,42.08198635307,14.36335784800,6.04438628964
40067.15121,34559.08452,953,5508.06669,42.04318070304,13.74708838500,5.77971321091
40131.57351,36347.69872,940,3783.87479,42.69316330851,9.42867288500,4.02539871277
40140.82003,38881.08844,1018,1259.73159,39.43106093320,3.13828065600,1.23745735756
40530.64229,35674.19076,968,4856.45153,41.87049823347,11.98217263700,5.01699538223
40742.17168,36464.75981,1010,4277.41187,40.33878384158,10.49873311500,4.23506125743
40776.02706,39940.19958,979,835.82748,41.65069158325,2.04980117100,0.85375636364
40881.35491,35019.11264,972,5862.24227,42.05900710905,14.33964770200,6.03111344650
40951.10428,37288.62455,954,3662.47973,42.92568582809,8.94354326800,3.83907728512
41855.92876,39629.45187,1078,2226.47689,38.82739217069,5.31938235700,2.06537744898
41885.82828,37565.47859,1039,4320.34969,40.31359795958,10.31458578600,4.15818064485
41893.30316,39495.45590,997,2397.84726,42.01936124373,5.72370063700,2.40506244734
42054.68047,40736.15048,1067,1318.52999,39.41394608247,3.13527525400,1.23573569822
42195.81736,40869.24947,1070,1326.56789,39.43534332710,3.14383740600,1.23978307477
42723.52446,36607.39066,1016,6116.13380,42.05071305118,14.31561154500,6.01981673228
42723.52446,37112.98506,1016,5610.53940,42.05071305118,13.13220168700,5.52218444882
42871.83287,37139.30826,1019,5732.52461,42.07245620216,13.37130751400,5.62563749755
43085.59501,36887.36617,1024,6198.22884,42.07577637695,14.38584946700,6.05295785156
43213.17762,42981.21685,1050,231.96077,41.15540725714,0.53678248800,0.22091501905
43292.14924,37391.68089,1029,5900.46835,42.07205951409,13.62941885200,5.73417721088
43537.72816,37649.38753,1035,5888.34063,42.06543783575,13.52468509200,5.68921800000
43894.99343,37604.65842,1044,6290.33501,42.04501286398,14.33041565400,6.02522510536
44303.46649,41485.45872,1124,2818.00777,39.41589545374,6.36069362800,2.50712435053
44304.89836,45468.83698,1142,-1163.93862,38.79588297723,-2.62711046200,-1.01921070053
44698.70075,46849.56715,1171,-2150.86640,38.17139261315,-4.81192151900,-1.83677745517
45046.51321,42368.04535,1071,2678.46786,42.06023642390,5.94600485000,2.50090369748
45324.05453,38809.80890,1078,6514.24563,42.04457748609,14.37260125500,6.04289947124
45839.23877,39231.19537,1090,6608.04340,42.05434749541,14.41569183400,6.06242513761
46211.33246,46407.29912,1122,-195.96666,41.18657081996,-0.42406624000,-0.17465834225
46291.37192,39783.36067,1101,6508.01125,42.04484279746,14.05879968600,5.91100022707
46566.46205,41660.44043,1155,4906.02162,40.31728316017,10.53552579300,4.24763776623
46599.29813,43806.73201,1182,2792.56612,39.42411009306,5.99272141900,2.36257708968
46818.20532,40652.57641,1096,6165.62891,42.71734062044,13.16929785700,5.62557382299
47497.98253,41179.08825,1122,6318.89428,42.33331776292,13.30350036700,5.63181308378
48008.48284,47681.67208,1166,326.81076,41.17365595197,0.68073544600,0.28028367067
48037.79990,45187.64158,1143,2850.15832,42.02782143482,5.93315748400,2.49357683290
48102.96241,49028.36507,1169,-925.40266,41.14881301112,-1.92379557000,-0.79161904192
48406.78715,45316.54273,1232,3090.24442,39.29122333604,6.38390730300,2.50831527597
48442.17148,41610.78394,1152,6831.38754,42.05049607639,14.10214970000,5.93002390625
48529.10336,47409.55406,1291,1119.54930,37.59032018590,2.30696473400,0.86719542990
48648.99266,48362.06879,1182,286.92387,41.15820021997,0.58978378400,0.24274439086
48831.66611,44014.23202,1211,4817.43409,40.32342370768,9.86538955900,3.97806283237
49436.81586,48289.89228,1314,1146.92358,37.62314753425,2.31997866400,0.87284899543
49705.23200,48370.30899,1419,1334.92301,35.02835236082,2.68567906500,0.94074912615
49825.09704,44593.79688,1235,5231.30016,40.34420812955,10.49932758900,4.23587057490
50000.10144,48827.88538,1198,1172.21606,41.73631171953,2.34442736400,0.97847751252
50084.81270,44832.21260,1241,5252.60010,40.35843086221,10.48741088700,4.23255447220
50415.90376,49769.09824,1476,646.80552,34.15711636856,1.28293945300,0.43821512195
50669.63710,50308.95705,1230,360.68005,41.19482691057,0.71182678700,0.29323581301
50736.47417,43830.19685,1206,6906.27732,42.07004491708,13.61205608600,5.72659810945
50934.98319,44983.77730,1263,5951.20589,40.32856942993,11.68392628700,4.71196032462
51002.83957,48601.96750,1300,2400.87207,39.23295351538,4.70733020000,1.84682466923
51040.88137,50038.14263,1361,1002.73874,37.50248447465,1.96457959400,0.73676615724
51241.02855,52509.91622,1307,-1268.88767,39.20507157613,-2.47631186600,-0.97083983933
51497.23734,44611.93968,1224,6885.29766,42.07290632353,13.37022725000,5.62524318627
51604.11841,44222.78448,1227,7381.33393,42.05714621842,14.30376907400,6.01575707416
51751.38325,45607.23410,1284,6144.14915,40.30481561526,11.87243463700,4.78516288941
51907.94315,44544.63074,1234,7363.31241,42.06478375203,14.18532880200,5.96702788493
52075.15718,46884.14251,1291,5191.01467,40.33706985283,9.96831301400,4.02092538342
52160.18393,49656.00775,1329,2504.17618,39.24769294959,4.80093433600,1.88425596689
53433.66803,55516.52556,1381,-2082.85753,38.69201160753,-3.89802461000,-1.50822413469
53490.79747,51799.16590,1357,1691.63157,39.41842112749,3.16247214500,1.24659658806
53675.21828,48201.94098,1257,5473.27730,42.70104875099,10.19702849000,4.35423810660
53678.17911,51999.86087,1361,1678.31824,39.44024916238,3.12663035100,1.23315080088
53973.92224,47192.49828,1281,6781.42396,42.13420939891,12.56426007000,5.29385164715
54612.87884,49071.80254,1301,5541.07630,41.97761632590,10.14609816900,4.25909016141
54738.48352,49990.51929,1280,4747.96423,42.76444025000,8.67390531200,3.70934705469
54821.90851,50800.00851,1303,4021.90000,42.07360591711,7.33630059500,3.08664620107
54845.78930,51625.51172,1304,3220.27758,42.05965437117,5.87151287500,2.46953802147
54996.62169,54503.02855,1368,493.59314,40.20220883772,0.89749720000,0.36081369883
55033.12240,53997.21887,1466,1035.90353,37.53964693042,1.88232737800,0.70661905184
55134.08182,57064.75070,1423,-1930.66888,38.74496262825,-3.50177025900,-1.35675957836
55166.22623,53436.89709,1399,1729.32914,39.43261345961,3.13476062800,1.23611804146
55489.33276,52263.05699,1320,3226.27577,42.03737330303,5.81422700500,2.44414831061
55591.93034,53463.24421,1627,2128.68613,34.16836529809,3.82912792700,1.30835041795
55780.70745,53688.24120,1592,2092.46625,35.03813282035,3.75123648600,1.31436322236
55930.16864,54177.69006,1419,1752.47858,39.41519988724,3.13333326600,1.23500957012
56077.54269,53925.25763,1601,2152.28506,35.02657257339,3.83805166300,1.34433795128
56303.36657,54996.86661,1497,1306.49996,37.61079931196,2.32046508000,0.87274546426
56673.61581,55278.70783,1618,1394.90798,35.02695661928,2.46130048400,0.86211865266
56874.34546,55172.17123,1353,1702.17423,42.03573204730,2.99286825400,1.25807407982
56974.86803,57548.98515,1467,-574.11712,38.83767418541,-1.00766731000,-0.39135454669
56976.78528,59094.07686,1474,-2117.29158,38.65453546811,-3.71606009300,-1.43642576662
57019.38967,55187.38391,1534,1832.00576,37.17039743807,3.21295224400,1.19426711864
57063.98412,56638.28137,1386,425.70275,41.17170571429,0.74600951300,0.30714484127
57184.94127,51764.93737,1332,5420.00390,42.93163759009,9.47802652200,4.06907199700
57233.40664,55706.87543,1365,1526.53121,41.92923563370,2.66720312400,1.11833788278
57296.28785,52701.29461,1335,4594.99324,42.91856767790,8.01970496200,3.44194250187
57310.19404,58531.41099,1392,-1221.21695,41.17111640805,-2.13088957500,-0.87731102730
57381.75145,54340.89151,1469,3040.85994,39.06177770592,5.29935016500,2.07002038121
57413.41048,55617.58464,1456,1795.82584,39.43228741758,3.12788567200,1.23339686813
57427.68071,58723.04053,1467,-1295.35982,39.14633995228,-2.25563666200,-0.88299919564
57749.13694,55933.00858,1465,1816.12836,39.41920610239,3.14485801200,1.23967806143
57806.30278,57157.28254,1704,649.02024,33.92388660798,1.12274995800,0.38088042254
58278.45793,56969.92259,1398,1308.53534,41.68702283977,2.24531565600,0.93600525036
58359.83218,57681.56988,1466,678.26230,39.80888961801,1.16220742000,0.46266186903
58796.78502,57168.56050,1581,1628.22452,37.18961734345,2.76924073200,1.02987003163
58941.79283,52812.78251,1462,6129.01032,40.31586376881,10.39841176500,4.19220952120
59442.73112,59785.42861,1528,-342.69749,38.90231094241,-0.57651706700,-0.22427846204
59514.99233,51145.40334,1415,8369.58899,42.06006525088,14.06299263800,5.91490387986
59553.38603,60703.35603,1446,-1149.97000,41.18491426694,-1.93099011900,-0.79527662517
59609.54471,57736.47666,1512,1873.06805,39.42430205688,3.14222841200,1.23880162037
59808.13867,57937.45866,1517,1870.68001,39.42527268952,3.12780175300,1.23314437047
59897.71588,61194.18026,1455,-1296.46438,41.16681503780,-2.16446380500,-0.89104081100
60187.14905,62538.49328,1563,-2351.34423,38.50745300704,-3.90672139700,-1.50437890595
60310.33895,58446.05493,1434,1864.28402,42.05741907252,3.09115162100,1.30005859135
60528.09336,62342.88117,1577,-1814.78781,38.38179667724,-2.99825702300,-1.15078491439
61037.56223,57992.34151,1661,3045.22072,36.74747876580,4.98909296000,1.83336587598
61148.20501,52384.44748,1454,8763.75753,42.05516162999,14.33199474700,6.02734355571
61656.18133,53463.73456,1466,8192.44677,42.05742246248,13.28730809000,5.58829929741
61685.93524,57191.43932,1499,4494.49592,41.15139108739,7.28609512400,2.99832949967
62073.58541,60083.86984,1772,1989.71557,35.03024007336,3.20541427900,1.12286431716
62499.79917,62073.87265,1518,425.92652,41.17246322134,0.68148462200,0.28058400527
62501.74070,56100.87429,1467,6400.86641,42.60514021813,10.24110102900,4.36323545331
62631.79875,61158.36109,1665,1473.43766,37.61669594595,2.35253926800,0.88494754354
62786.61128,61213.25591,1497,1573.35537,41.94162410154,2.50587718900,1.05100559118
62795.97915,64144.08888,1525,-1348.10973,41.17769124590,-2.14680899700,-0.88400638033
63331.33100,64690.05907,1610,-1358.72807,39.33623043478,-2.14542794000,-0.84393047826
63968.38248,61942.84268,1622,2025.53980,39.43796700370,3.16647024900,1.24879149199
63977.75035,62863.98724,1872,1113.76311,34.17614869124,1.74086007100,0.59495892628
64034.94046,55491.33853,1525,8543.60193,41.99012489180,13.34209397000,5.60236192131
64308.91422,68427.59467,1746,-4118.68045,36.83213872852,-6.40452494000,-2.35892351088
64394.07445,67505.25414,1690,-3111.17969,38.10300263314,-4.83146891500,-1.84093472781
64640.36931,63757.83987,1892,882.52944,34.16510005814,1.36529145700,0.46645319239
64653.97214,65980.42209,1570,-1326.44995,41.18087397452,-2.05161400900,-0.84487257962
64956.46208,62169.77712,1546,2786.68496,42.01582282018,4.29008118800,1.80251291074
65133.96620,55946.05656,1548,9187.90964,42.07620555556,14.10617251800,5.93534214470
65905.72326,62023.88130,1573,3881.84196,41.89810760331,5.88999220100,2.46779527018
66400.30305,57741.73891,1579,8658.56414,42.05212352755,13.03994672100,5.48357450285
66550.98983,67952.15055,1616,-1401.16072,41.18254321163,-2.10539426000,-0.86705490099
66799.72373,69323.64787,1734,-2523.92414,38.52348542676,-3.77834517700,-1.45555025375
66954.36637,66756.37644,1626,197.98993,41.17734709102,0.29570876500,0.12176502460
67046.27342,61894.26256,1628,5152.01086,41.18321463145,7.68426132800,3.16462583538
67152.47495,66802.98322,1631,349.49173,41.17257814224,0.52044504700,0.21428064378
67355.06118,60179.02085,1671,7176.04033,40.30823529623,10.65404767600,4.29445860563
67458.30189,66529.44200,1974,928.85989,34.17340521277,1.37693933000,0.47054705674
67521.03749,61233.71887,1582,6287.31862,42.68080751580,9.31164397600,3.97428484197
67587.54693,62760.35683,1644,4827.19010,41.11164655109,7.14212945900,2.93624701946
67780.72889,58196.14599,1611,9584.58290,42.07369887647,14.14057219100,5.94946176288
68504.63944,64881.97565,1755,3622.66379,39.03398258689,5.28820211200,2.06419589174
68918.41529,66990.88135,1967,1927.53394,35.03732348246,2.79683439000,0.97993591256
68988.34667,66539.16520,1642,2449.18147,42.01482744823,3.55013794100,1.49158433009
68996.56176,65211.57177,1766,3784.98999,39.06940077010,5.48576609200,2.14325593998
69051.33709,70482.71780,1677,-1431.38071,41.17551406679,-2.07292251000,-0.85353649970
69163.55737,59948.43871,1644,9215.11866,42.07029037105,13.32366207100,5.60530332117
69425.44512,68280.38328,1982,1145.06184,35.02797432896,1.64934029300,0.57773049445
69440.92880,62070.75118,1618,7370.17762,42.91775574784,10.61359308900,4.55511595797
69522.83697,64616.07665,1692,4906.76032,41.08914714539,7.05776768300,2.89997654846
69570.50147,66313.94098,1894,3256.56049,36.73204935058,4.68095014600,1.71940891763
69579.06846,59598.91780,1654,9980.15066,42.06715142684,14.34361063000,6.03394840387
69597.36735,71051.36350,1690,-1453.99615,41.18187417160,-2.08915395100,-0.86035275148
69598.07115,61492.96831,1658,8105.10284,41.97712373341,11.64558543900,4.88848180941
69704.49111,68293.09639,1898,1411.39472,36.72523240780,2.02482608700,0.74362208641
69864.83699,62545.19068,1733,7319.64631,40.31438949221,10.47686737000,4.22368511829
69926.65036,71362.51784,1787,-1435.86748,39.13075006156,-2.05339090700,-0.80350726357
69968.07770,72665.72553,1812,-2697.64783,38.61372941501,-3.85554086800,-1.48876811810
70020.59601,62316.15134,1639,7704.44467,42.72153508847,11.00311209700,4.70069839536
70153.08097,68252.24221,2002,1900.83876,35.04149898601,2.70955848800,0.94946991009
70194.79954,67061.62271,2003,3133.17683,35.04483252122,4.46354552000,1.56424205192
70279.47439,61976.30579,1740,8303.16860,40.39050252299,11.81450014000,4.77193597701
70286.99781,66639.69805,1810,3647.29976,38.83259547514,5.18915286400,2.01508274033
70402.99193,63452.76104,1650,6950.23089,42.66847995758,9.87206750700,4.21226114545
70441.90741,60910.74840,1675,9531.15901,42.05487009552,13.53052374700,5.69024418507
70509.13279,67141.97963,1923,3367.15316,36.66621569943,4.77548514200,1.75098968279
70512.89450,65453.27639,1715,5059.61811,41.11539037901,7.17545088200,2.95021464140
70641.25372,60629.55300,1679,10011.70072,42.07340900536,14.17259772800,5.96289500893
70815.19029,71913.06858,1797,-1097.87829,39.40745146912,-1.55034292100,-0.61095063439
70875.11067,69489.36085,2023,1385.74982,35.03465678201,1.95519951500,0.68499743945
71056.06100,74589.17287,1866,-3533.11187,38.07934673098,-4.97228782500,-1.89341472133
71199.58840,68669.39496,1694,2530.19344,42.03045360094,3.55366301500,1.49362068477
71508.89795,61500.57465,1700,10008.32330,42.06405761765,13.99591321800,5.88724900000
71529.16264,67551.25097,1666,3977.91167,42.93467145258,5.56124456500,2.38770208283
71590.36929,69654.93031,1784,1935.43898,40.12913076794,2.70349070600,1.08488732063
71912.56573,73762.62917,1849,-1850.06344,38.89268022174,-2.57265669900,-1.00057514332
71973.04430,73851.78840,1846,-1878.74410,38.98864804984,-2.61034407800,-1.01773786566
72353.42588,71377.15646,2117,976.26942,34.17733863014,1.34930641900,0.46115702409
72457.29759,64758.50417,1797,7698.79342,40.32125631052,10.62528368600,4.28424786867
72756.86310,67872.77433,1847,4884.08877,39.39191288576,6.71289080100,2.64433609637
73041.66087,73046.23390,1774,-4.57303,41.17342777339,-0.00626085200,-0.00257780722
73453.14329,63386.49259,1746,10066.65070,42.06938332761,13.70486033600,5.76555022910
73768.03473,72471.91932,2105,1296.11541,35.04419702138,1.75701496600,0.61573178622
74115.62878,71994.34639,1968,2121.28239,37.66038047764,2.86212560700,1.07788739329
74132.78702,74332.27948,1882,-199.49246,39.39042880978,-0.26910152400,-0.10600024442
74297.30718,72782.28432,2176,1515.02286,34.14398307904,2.03913562600,0.69624212316
74354.57010,76978.30524,1922,-2623.73514,38.68604063476,-3.52868039800,-1.36510673257
74401.21529,68988.86126,1808,5412.35403,41.15111465155,7.27455056900,2.99355864491
74690.67273,74427.58597,1814,263.08676,41.17457151599,0.35223509200,0.14503128997
74744.28315,76003.92825,1815,-1259.64510,41.18142322314,-1.68527283500,-0.69401933884
75384.57455,73393.44659,2151,1991.12796,35.04629221292,2.64129362300,0.92567548117
75425.44370,77014.25596,1861,-1588.81226,40.52952375067,-2.10646723700,-0.85374113917
75483.42255,78024.28468,1948,-2540.86213,38.74919022074,-3.36611940000,-1.30434400924
75504.00274,77978.69447,1944,-2474.69173,38.83950758230,-3.27756362600,-1.27298957305
75633.32059,74546.66825,2159,1086.65234,35.03164455303,1.43673758000,0.50331280222
75871.43677,73905.81016,2017,1965.62661,37.61598253347,2.59073334300,0.97452980169
76013.67790,72211.10317,1961,3802.57473,38.76271183070,5.00248749300,1.93909981132
76103.29152,73967.60569,2016,2135.68583,37.74964857143,2.80629889600,1.05936797123
76661.25003,66379.56360,1825,10281.68643,42.00616440000,13.41184291400,5.63380078356
76691.28303,78691.95632,2006,-2000.67329,38.23094866899,-2.60873623600,-0.99734461117
76894.77935,78468.09550,1868,-1573.31615,41.16422877409,-2.04606367700,-0.84224633298
76956.92035,74212.79057,1830,2744.12978,42.05296193989,3.56579988800,1.49952446995
76992.93568,78614.45775,1870,-1621.52207,41.17269287701,-2.10606603800,-0.86712410160
77171.70180,66113.83204,1835,11057.86976,42.05542332425,14.32891785700,6.02608706267
77229.97189,71428.87000,1763,5801.10189,43.80599653432,7.51146445900,3.29047186047
77335.91860,69612.12670,1917,7723.79190,40.34215889411,9.98732806200,4.02910375587
77344.69187,68269.24884,1841,9075.44303,42.01232583922,11.73376324900,4.92962684954
77645.74994,79555.63474,1982,-1909.88480,39.17545405651,-2.45974158500,-0.96361493441
77672.88278,80417.74644,2007,-2744.86366,38.70098793224,-3.53387638200,-1.36764507225
77884.18161,77619.29489,1914,264.88672,40.69183992163,0.34010336200,0.13839431557
77997.04501,73051.67554,1855,4945.36947,42.04692453369,6.34045747400,2.66596736927
78092.27692,79795.04310,1897,-1702.76618,41.16619763838,-2.18045400500,-0.89761000527
78111.71646,74251.87473,2127,3859.84173,36.72389114245,4.94143760400,1.81468816643
78276.83122,73746.75871,1866,4530.07251,41.94899851018,5.78724565000,2.42769159164
78700.43605,67367.38324,1871,11333.05281,42.06330093533,14.40024144600,6.05721689471
78736.40284,77071.54271,2247,1664.86013,35.04067772141,2.11447319100,0.74092573654
78746.59586,75673.78199,1875,3072.81387,41.99818445867,3.90215454600,1.63883406400
78861.59494,69675.42915,1955,9186.16579,40.33841173402,11.64846564000,4.69880603069
78940.55442,75934.39482,2310,3006.15960,34.17340018182,3.80813084200,1.30136779221
79080.75696,80337.74831,1921,-1256.99135,41.16645338886,-1.58950343700,-0.65434219157
79648.62939,79349.40245,1934,299.22694,41.18336576525,0.37568372800,0.15471920372
79711.58341,74375.78871,1937,5335.79470,41.15208229737,6.69387618700,2.75466943727
79752.28268,74962.81640,1897,4789.46628,42.04126656827,6.00542845800,2.52475818661
79840.08825,69078.71414,1898,10761.37411,42.06537842466,13.47866008900,5.66984937302
80090.80008,78096.76018,2348,1994.03990,34.11022149915,2.48972403600,0.84925038330
80326.44081,81730.27070,2050,-1403.82989,39.18362966341,-1.74765603400,-0.68479506829
80345.63766,68788.09454,1910,11557.54312,42.06577887958,14.38477987900,6.05106969634
80635.28925,80121.29052,1959,513.99873,41.16145444104,0.63743645600,0.26237811639
80697.90350,77649.63653,2303,3048.26697,35.04034020842,3.77738062300,1.32360702128
80823.05920,78844.86050,2307,1978.19870,35.03383580407,2.44756721600,0.85747667967
81142.02785,83114.57681,2074,-1972.54896,39.12344640791,-2.43098307000,-0.95108435873
81342.15076,81132.01290,1976,210.13786,41.16505605263,0.25833821500,0.10634507085
81378.21463,77703.64633,2323,3674.56830,35.03151727508,4.51542014900,1.58182018941
81530.61238,81738.05644,2213,-207.44406,36.84166849526,-0.25443701900,-0.09373884320
81649.68867,77081.66057,1901,4568.02810,42.95091460810,5.59466689300,2.40296059968
81715.04533,85089.22343,2109,-3374.17810,38.74587260787,-4.12920054900,-1.59989478426
81802.60821,79496.49424,2335,2306.11397,35.03323692077,2.81912034400,0.98762910921
81910.87262,79969.51055,2048,1941.36207,39.99554327148,2.37009081700,0.94793069824
81991.88284,80112.54801,2232,1879.33483,36.73471453405,2.29209863800,0.84199589158
82484.44829,71426.01164,1961,11058.43665,42.06244175931,13.40669287300,5.63918238144
82514.10512,83232.39137,2005,-718.28625,41.15416714214,-0.87050116900,-0.35824750623
82778.44405,76876.49270,2013,5901.95135,41.12192948336,7.12981672700,2.93191820666
82885.21591,81583.16695,2426,1302.04896,34.16538166117,1.57090615700,0.53670608409
83137.43243,82700.35417,2019,437.07826,41.17752968301,0.52572980300,0.21648254581
83176.48139,84728.83120,2020,-1552.34981,41.17647593564,-1.86633262700,-0.76849000495
83204.19669,81753.42459,2375,1450.77210,35.03334597474,1.74362851600,0.61085141053
83356.42456,81789.13612,2443,1567.28844,34.12051762587,1.88022512800,0.64154254605
83779.54401,80659.82181,1992,3119.72220,42.05800402108,3.72372783500,1.56612560241
84426.50941,84588.96304,2114,-162.45363,39.93685402554,-0.19242016700,-0.07684656102
84495.16667,74682.26682,2053,9812.89985,41.15692482708,11.61356351700,4.77978560643
84604.37757,81763.26739,2012,2841.11018,42.04988944831,3.35811250200,1.41208259443
84738.29441,86467.53775,2058,-1729.24334,41.17507017007,-2.04068697900,-0.84025429543
84836.41434,84595.21793,2155,241.19641,39.36724563341,0.28430764300,0.11192408817
84870.05130,81472.82718,2065,3397.22412,41.09929845036,4.00285385500,1.64514485230
84904.90171,83350.43316,2491,1554.46855,34.08466547973,1.83083487400,0.62403394219
85070.23489,76591.85292,2108,8478.38197,40.35589890417,9.96633191500,4.02200283207
85078.24369,83020.51413,2428,2057.72956,35.04046280478,2.41863192100,0.84749981878
85224.47709,75960.71802,2028,9263.75907,42.02390389053,10.86983386300,4.56792853550
85605.33192,85022.38092,2162,582.95100,39.59543567068,0.68097510600,0.26963506013
85730.41481,85765.70934,2082,-35.29453,41.17695235831,-0.04116920500,-0.01695222382
85794.09690,89898.89423,2247,-4104.79733,38.18161855808,-4.78447524800,-1.82679008901
85940.02694,81559.84562,2194,4380.18132,39.17047718323,5.09678839500,1.99643633546
85984.07534,82427.23154,2046,3556.84380,42.02545226784,4.13663086600,1.73843782991
86313.33408,84418.78911,2297,1894.54497,37.57654944710,2.19496210000,0.82479101872
86435.69883,84948.37458,2467,1487.32425,35.03676482773,1.72072913200,0.60288781921
86703.31409,85730.96654,2150,972.34755,40.32712283256,1.12146526400,0.45225467442
86738.06743,84643.27183,2475,2094.79560,35.04568381010,2.41508216900,0.84638206061
86782.46773,87986.31821,2678,-1203.85048,32.40570116878,-1.38720471000,-0.44953341299
86799.75945,82392.33326,2360,4407.42619,36.77955908898,5.07769401400,1.86755347034
86842.86136,90242.79410,2242,-3399.93274,38.73455011597,-3.91503997800,-1.51647312221
86867.45808,84486.08609,2309,2381.37199,37.62124646167,2.74138560400,1.03134343439
87184.74003,74654.52042,2073,12530.21961,42.05727931983,14.37203300200,6.04448606368
87748.86289,77446.60944,2176,10302.25345,40.32576419577,11.74061191300,4.73449147518
87834.25368,83068.26903,2046,4765.98465,42.92974275660,5.42611162500,2.32941576246
87991.66300,76378.50464,2094,11613.15836,42.02085148042,13.19802122600,5.54592089780
88154.33871,90828.66170,2258,-2674.32299,39.04089402569,-3.03368277600,-1.18437687777
88219.52549,85533.42892,2170,2686.09657,40.65415921198,3.04478691700,1.23783252074
88321.62555,79880.24368,2068,8441.38187,42.70871641683,9.55754812900,4.08190612669
89072.70535,85639.30775,2120,3433.39760,42.01542705189,3.85460123400,1.61952716981
89512.24284,85781.80703,2128,3730.43581,42.06402389098,4.16751462300,1.75302434680
89527.55663,87067.05132,2435,2460.50531,36.76696370842,2.74832174900,1.01047445996
89922.01429,88388.91607,2638,1533.09822,34.08719268006,1.70491979300,0.58115929492
90121.53048,91081.66819,2222,-960.13771,40.55874459046,-1.06538105300,-0.43210518002
90144.16140,91110.96935,2189,-966.80795,41.18052142531,-1.07251311100,-0.44166649155
90441.60337,83999.59125,2198,6442.01212,41.14722628298,7.12284156800,2.93085173794
90692.37588,87911.21158,2468,2781.16430,36.74731599676,3.06659107000,1.12688991086
90716.54789,95543.13365,2446,-4826.58576,37.08771377351,-5.32051304000,-1.97325664759
90773.65306,84299.28824,2207,6474.36482,41.12988357952,7.13242730900,2.93355904848
90815.92981,89653.63759,2592,1162.29222,35.03700995756,1.27983297900,0.44841520833
91143.02861,95167.52873,2405,-4024.50012,37.89730919335,-4.41558743600,-1.67338882328
91719.58938,93157.17058,2677,-1437.58120,34.26208045573,-1.56736549900,-0.53701202839
91830.40204,93808.08675,2230,-1977.68471,41.17955248430,-2.15362741100,-0.88685413004
92053.32577,81209.24835,2283,10844.07742,40.32121146299,11.78021253400,4.74992440648
92159.02979,83371.81702,2147,8787.21277,42.92455975314,9.53483645600,4.09278657196
92386.78307,88255.84099,2637,4130.94208,35.03480586651,4.47135612100,1.56653093667
92595.46084,86018.18961,2252,6577.27123,41.11698971581,7.10323289100,2.92063553730
92851.40266,87451.56618,2211,5399.83648,41.99520699231,5.81556802100,2.44225982813
93082.04396,91601.50654,2642,1480.53742,35.23165933384,1.59057252800,0.56038509463
93450.53368,90927.08966,2667,2523.44402,35.03957018373,2.70029920700,0.94617323585
93508.63389,80346.69413,2223,13161.93976,42.06416279352,14.07564116000,5.92080061179
93619.84699,90294.37609,2672,3325.47090,35.03736788548,3.55210033700,1.24456246257
94243.46553,89949.30417,2338,4294.16136,40.30943778015,4.55645527900,1.83668150556
94849.74380,90571.58892,2707,4278.15488,35.03869368304,4.51045486100,1.58040446250
95229.77348,91087.85134,2591,4141.92214,36.75406155152,4.34939829100,1.59858052489
95297.33863,81655.85773,2266,13641.48090,42.05531272286,14.31465043600,6.02007100618
95343.59551,81874.28886,2267,13469.30665,42.05716608293,14.12712262200,5.94146742391
95422.37298,93126.14724,2796,2296.22574,34.12817345494,2.40638088100,0.82125384120
95474.35737,100867.52410,2530,-5393.16673,37.73690014625,-5.64881176300,-2.13168645455
95509.13498,88104.20453,2181,7404.93045,43.79144198991,7.75311225600,3.39519965612
95618.24880,92416.90384,2729,3201.34496,35.03783393184,3.34804809800,1.17308353243
96020.54537,86810.27753,2249,9210.26784,42.69477339707,9.59197618000,4.09527249444
96335.44895,93696.21614,2683,2639.23281,35.90586990309,2.73962787200,0.98368721953
96620.98693,85491.83324,2397,11129.15369,40.30913096788,11.51836060000,4.64295105966
96830.90242,83926.00350,2302,12904.89892,42.06381512598,13.32725255800,5.60595087750
96881.01809,96453.28728,2353,427.73081,41.17340335317,0.44150115100,0.18178104972
96947.05429,89961.35950,2357,6985.69479,41.13154615613,7.20568029800,2.96380771744
96957.29584,86455.49438,2308,10501.80146,42.00922696707,10.83136794300,4.55017394281
97039.00987,89413.41597,2266,7625.59390,42.82392315534,7.85827669700,3.36522237423
97476.14472,94763.84255,2651,2712.30217,36.76957552622,2.78252918000,1.02312416824
97558.24705,86203.87520,2284,11354.37185,42.71376841068,11.63855665000,4.97126613398
97826.80880,99134.30699,2376,-1307.49819,41.17289932660,-1.33654384300,-0.55029385101
97908.54710,97097.93659,2378,810.61051,41.17264386039,0.82792619600,0.34087910429
97946.78305,93112.60891,2281,4834.17414,42.94028191583,4.93551088600,2.11932228847
98087.55590,95423.27399,2799,2664.28191,35.04378560200,2.71622825700,0.95186920686
98430.11411,96197.48223,2809,2232.63188,35.04098045924,2.26824067000,0.79481377002
98646.98270,91610.56000,2401,7036.42270,41.08579037901,7.13293251100,2.93062169929
98945.37116,97159.00259,2903,1786.36857,34.08383436445,1.80540893300,0.61535259042
99075.59910,96511.72216,2701,2563.87694,36.68108074787,2.58779857300,0.94923248427
99244.68185,90949.44225,2519,8295.23960,39.39844456133,8.35837190000,3.29306851925
99277.29950,96688.49781,2833,2588.80169,35.04316960819,2.60764716900,0.91380222026
99380.39460,86179.51339,2363,13200.88121,42.05687456623,13.28318453900,5.58649225984
99445.55710,92226.51810,2417,7219.03900,41.14421063302,7.25928760500,2.98677658254
99867.32962,103826.70140,2867,-3959.37178,34.83339017091,-3.96463167200,-1.38101561911
100120.71110,89572.40762,2482,10548.30348,40.33872324738,10.53558585800,4.24992082192
100477.29680,96810.10358,2395,3667.19322,41.95294229645,3.64977297000,1.53118714823
100479.93000,94692.47929,2341,5787.45071,42.92179837676,5.75980766500,2.47221303289
100917.67160,100579.12890,2451,338.54270,41.17408062016,0.33546424000,0.13812431661
101037.82780,93177.88470,2375,7859.94310,42.54224328421,7.77920831400,3.30944972632
101723.91500,98870.81188,2773,2853.10312,36.68370537324,2.80475158700,1.02888680851
101836.40220,99381.96752,2990,2454.43468,34.05899739130,2.41017418800,0.82088116388
102072.44340,103634.96420,2479,-1562.52080,41.17484606696,-1.53079592100,-0.63030286406
102231.21180,104713.00750,2677,-2481.79570,38.18872312290,-2.42763013000,-0.92708094882
102314.70960,101977.99000,3028,336.71960,33.78953421400,0.32910184800,0.11120198151
102606.32700,92657.69953,2405,9948.62747,42.66375343035,9.69592008700,4.13664343867
103272.62270,99367.23322,2947,3905.38948,35.04330597218,3.78163096700,1.32520851035
103281.31100,98065.93908,2809,5215.37192,36.76799964400,5.04967633500,1.85666497686
103395.69130,100424.15570,2815,2971.53560,36.73026333925,2.87394529000,1.05560767318
103911.91910,101408.94960,2485,2502.96950,41.81566160966,2.40874148200,1.00723118712
103998.55970,101270.97110,2968,2727.58860,35.03994599057,2.62271766800,0.91899885445
104675.37610,111903.73790,2712,-7228.36180,38.59711508112,-6.90550353800,-2.66532514749
104689.42790,113609.30430,2958,-8919.87640,35.39196345504,-8.52032204100,-3.01550926302
104760.70620,101615.73200,2990,3144.97420,35.03702548495,3.00205517300,1.05183083612
105100.66760,97257.39467,2492,7843.27293,42.17522776886,7.46262902900,3.14738079053
105662.59420,95930.01651,2472,9732.57769,42.74376788026,9.21099634500,3.93712689725
105918.29330,105662.55620,2573,255.73710,41.16529082783,0.24144752700,0.09939257676
106427.19180,107736.44410,3281,-1309.25230,32.43742511429,-1.23018589300,-0.39904062786
106592.34300,99021.68292,2594,7570.66008,41.09188242097,7.10244269600,2.91852740170
106613.43280,113428.47430,2822,-6815.04150,37.77938795181,-6.39229159100,-2.41496863926
107168.66110,111173.15850,3054,-4004.49740,35.09124462999,-3.73663098800,-1.31123032089
107804.30490,104816.45850,3159,2987.84640,34.12608575499,2.77154646400,0.94582032289
108417.40280,105373.30000,3094,3044.10280,35.04117737557,2.80776215000,0.98387291532
108459.00010,102250.16780,2537,6208.83230,42.75088691368,5.72458928700,2.44731269216
109358.41250,106849.89880,3121,2508.51370,35.03954261455,2.29384611800,0.80375318808
109810.54570,106166.08160,2613,3644.46410,42.02470176043,3.31886530300,1.39474324531
110118.15640,108880.40900,3143,1237.74740,35.03600267261,1.12401754700,0.39381081769
110162.13200,112383.55920,2676,-2221.42720,41.16671599402,-2.01650708800,-0.83012974589
110288.23420,107437.38100,3148,2850.85320,35.03438189327,2.58491145600,0.90560775095
110809.31580,107331.98050,2810,3477.33530,39.43392021352,3.13812541400,1.23748587189
110887.01330,109460.15320,3154,1426.86010,35.15758189601,1.28676935000,0.45239698795
111021.37910,121456.52400,3160,-10435.14490,35.13334781646,-9.39922110900,-3.30226104430
111527.01350,108023.60730,2829,3503.40620,39.42276899965,3.14130728500,1.23839031460
111650.23980,121448.28380,3179,-9798.04400,35.12118269896,-8.77565871600,-3.08211513054
111874.55900,116637.03430,3036,-4762.47530,36.84932773386,-4.25697794300,-1.56866775362
112010.34450,117374.19160,3236,-5363.84710,34.61382710136,-4.78870690400,-1.65755472806
112161.41960,122170.43170,2905,-10009.01210,38.60978299484,-8.92375661400,-3.44544306368
112536.37710,105978.48250,2621,6557.89460,42.93642773750,5.82735535700,2.50205822205
113112.86500,117414.69890,3224,-4301.83390,35.08463554591,-3.80313406400,-1.33431572581
113433.58100,111466.51680,3320,1967.06420,34.16674126506,1.73411099500,0.59248921687
113735.81620,119544.01980,3578,-5808.20360,31.78753946339,-5.10674983000,-1.62331011738
114067.07710,113653.97360,2770,413.10350,41.17945021661,0.36215839900,0.14913483755
114279.57730,117190.82620,3429,-2911.24890,33.32737745698,-2.54747958400,-0.84900813648
114708.94600,119758.06170,3302,-5049.11570,34.73923258631,-4.40167561100,-1.52910832829
114883.17380,112186.30870,3369,2696.86510,34.10008127041,2.34748485000,0.80049424161
115475.09690,115011.32260,3421,463.77430,33.75477839813,0.40162278500,0.13556688103
116958.79980,114823.79520,3423,2135.00460,34.16850709904,1.82543306200,0.62372322524
117051.27720,122175.00030,3177,-5123.72310,36.84333559962,-4.37733207400,-1.61275514636
117197.97170,115769.08630,2848,1428.88540,41.15097320927,1.21920659500,0.50171537921
117288.01010,122504.35720,3068,-5216.34710,38.22946874185,-4.44746832700,-1.70024351369
117446.83910,116681.14160,2853,765.69750,41.16608450754,0.65195241200,0.26838328076
117562.26290,114395.62760,3355,3166.63530,35.04091293592,2.69358144500,0.94385552906
117649.00060,121640.37980,3190,-3991.37920,36.88056445141,-3.39261632500,-1.25121605016
117661.28080,116861.15830,2858,800.12250,41.16909755073,0.68002191900,0.27995888733
118580.47260,113346.95730,3173,5233.51530,37.37172158840,4.41347144700,1.64939026158
118618.45370,122915.26700,3218,-4296.81330,36.86092408328,-3.62238181800,-1.33524341206
118921.30770,115305.80520,3394,3615.50250,35.03868818503,3.04024785000,1.06526296405
119047.40990,124349.26550,3231,-5301.85560,36.84537601362,-4.45356652800,-1.64093333333
119190.10000,116856.31460,3447,2333.78540,34.57792283145,1.95803628000,0.67704827386
119204.30950,122669.69940,3070,-3465.38990,38.82876530945,-2.90710119000,-1.12879149837
119385.57540,115693.10660,3324,3692.46880,35.91623808664,3.09289358300,1.11085102286
119452.33960,118186.57500,3543,1265.76460,33.71502670054,1.05963985700,0.35725786057
119755.01160,116003.68690,3037,3751.32470,39.43200908792,3.13249913300,1.23520734277
120236.18270,118094.04320,3432,2142.13950,35.03385276807,1.78160970500,0.62416652098
120326.87630,123707.76160,3088,-3380.88530,38.96595735104,-2.80975074200,-1.09484627591
120407.41330,127699.41590,3549,-7292.00260,33.92713815159,-6.05610767700,-2.05466401803
120807.57420,123392.80410,2934,-2585.22990,41.17504233129,-2.13995680100,-0.88112811861
121057.86130,116949.79130,3293,4108.07000,36.76218077741,3.39347643800,1.24751594291
121360.88510,120829.28800,2947,531.59710,41.18116223278,0.43803001200,0.18038585002
121373.06820,112550.43230,2949,8822.63590,41.15736459817,7.26902271700,2.99173818243
122106.79560,121394.81220,2966,711.98340,41.16884544842,0.58308253600,0.24004834794
122318.90750,128298.34350,3536,-5979.43600,34.59245121606,-4.88839879500,-1.69101696833
122749.63530,120070.95020,3503,2678.68510,35.04128898087,2.18223467100,0.76468315729
123084.03910,129601.52720,3576,-6517.48810,34.41947402125,-5.29515292800,-1.82256378635
123179.48940,132714.96020,3504,-9535.47080,35.15396386986,-7.74111895300,-2.72131015982
123252.15110,127533.00930,3509,-4280.85820,35.12457996580,-3.47325232200,-1.21996528926
123320.78400,128133.77860,3347,-4812.99460,36.84517000299,-3.90282517200,-1.43800256947
123445.38160,108669.22540,2940,14776.15620,41.98822503401,11.96979263900,5.02590346939
123859.38800,126444.14250,3008,-2584.75450,41.17665824468,-2.08684585100,-0.85929338431
124175.80840,122516.06570,3576,1659.74270,34.72477863535,1.33660712300,0.46413386465
124431.04640,132889.05690,3534,-8458.01050,35.20969054895,-6.79734740200,-2.39332498585
124615.68560,121612.17890,3557,3003.50670,35.03392904133,2.41021560500,0.84439322463
124828.28280,121264.70310,3563,3563.57970,35.03460084199,2.85478548600,1.00016269997
124964.79650,123042.15900,3592,1922.63750,34.78975403675,1.53854329700,0.53525542873
124988.15550,113187.84600,2929,11800.30950,42.67263758962,9.44114220500,4.02878439741
125060.70790,136375.15270,3312,-11314.44480,37.75987557367,-9.04716196600,-3.41619710145
125182.75720,138583.83780,3725,-13401.08060,33.60610931544,-10.70521284200,-3.59760553020
125310.03640,122275.10260,3666,3034.93380,34.18167932351,2.42193992400,0.82785973813
125689.59280,130428.22640,3259,-4738.63360,38.56692015956,-3.77010816400,-1.45401460571
125983.15180,127884.58720,3195,-1901.43540,39.43134641628,-1.50927752900,-0.59512845070
126507.80090,126043.76920,3072,464.03170,41.18092477214,0.36680085900,0.15105198568
126588.25300,122622.36310,3211,3965.88990,39.42331142946,3.13290515200,1.23509495484
126895.93650,133726.28060,3606,-6830.34410,35.19022088186,-5.38263421900,-1.89416087077
126954.17020,110698.74290,2971,16255.42730,42.73112426792,12.80416962600,5.47136563447
127369.80260,133350.16140,3672,-5980.35880,34.68676541394,-4.69527209600,-1.62863801743
128520.72780,124739.23390,3502,3781.49390,36.69923695031,2.94232219600,1.07980979440
129441.27870,132493.43150,3322,-3052.15280,38.96486414810,-2.35794395000,-0.91876965683
129719.05050,131961.93250,3364,-2242.88200,38.56095436980,-1.72903054100,-0.66673067776
130067.27560,134950.56650,3707,-4883.29090,35.08693703804,-3.75443467800,-1.31731613164
130126.64990,128496.28770,3809,1630.36220,34.16294300341,1.25290415200,0.42802893148
130227.01470,127394.28920,3822,2832.72550,34.07300227630,2.17522109900,0.74116313448
130476.35530,124398.43160,3548,6077.92370,36.77462099775,4.65825680500,1.71305628523
131168.48550,138589.10010,3554,-7420.61460,36.90728348340,-5.65731514800,-2.08796133934
131170.59690,142022.81260,3713,-10852.21570,35.32738941557,-8.27336000300,-2.92276210611
131436.19790,143823.38640,3744,-12387.18850,35.10582208868,-9.42448784900,-3.30854393697
131436.79240,127601.94470,3697,3834.84770,35.55228358128,2.91763640100,1.03728636732
131638.01960,130700.18890,3345,937.83070,39.35366804185,0.71243148700,0.28036792227
131721.23830,127302.42710,3759,4418.81120,35.04156379356,3.35466873600,1.17552838521
131842.57160,130405.26390,3807,1437.30770,34.63161849225,1.09016964900,0.37754339375
131867.99350,135721.42600,3388,-3853.43250,38.92207600354,-2.92218937900,-1.13737677096
131910.19750,130784.44470,3854,1125.75280,34.22682861962,0.85342363300,0.29209984432
132737.73700,140263.93010,3439,-7526.19310,38.59777173597,-5.66997243600,-2.18848301832
132843.22260,129545.53210,3172,3297.69050,41.87995668348,2.48239273000,1.03962500000
133021.27280,123500.78780,3234,9520.48500,41.13211898578,7.15711464800,2.94387291280
133146.22220,134505.40420,4106,-1359.18200,32.42723385290,-1.02081905000,-0.33102338042
133183.69370,137725.87610,3610,-4542.18240,36.89298994460,-3.41046435500,-1.25822227147
133307.36900,136003.48250,3237,-2696.11350,41.18238152610,-2.02247896700,-0.83290500463
133728.98370,124363.55730,3256,9365.42640,41.07155519042,7.00328839800,2.87635945946
133913.84140,136797.07740,4127,-2883.23600,32.44822907681,-2.15305301500,-0.69862757451
133961.96700,142299.91780,3924,-8337.95080,34.13913532110,-6.22411792400,-2.12486004077
134018.08930,130633.26270,3825,3384.82660,35.03740896732,2.52564905100,0.88492198693
134136.72870,140236.30330,3640,-6099.57460,36.85074964286,-4.54728146400,-1.67570730769
134472.40660,139385.87620,3831,-4913.46960,35.10112414513,-3.65388686400,-1.28255536413
134540.21450,137221.53750,3268,-2681.32300,41.16897628519,-1.99295282100,-0.82047827417
134629.65820,124963.46550,3274,9666.19270,41.12084856445,7.17983899600,2.95241072083
134944.48900,135372.52700,4015,-428.03800,33.61008443337,-0.31719561400,-0.10660971357
134995.85450,129938.70580,3452,5057.14870,39.10656271727,3.74615110900,1.46499093279
135178.04260,141530.70870,4163,-6352.66610,32.47130497238,-4.69948075700,-1.52598272880
135460.61970,132703.33540,3968,2757.28430,34.13826101310,2.03548773500,0.69488011593
135498.74640,139824.16160,4172,-4325.41520,32.47812713327,-3.19221787300,-1.03677257910
135578.20340,147335.92510,3591,-11757.72170,37.75499955444,-8.67228020800,-3.27421935394
135753.76600,143799.59870,3593,-8045.83270,37.78284608962,-5.92678416000,-2.23930773727
136001.97820,134523.06860,3997,1478.90960,34.02601406055,1.08741771200,0.37000490368
136052.68840,144020.12280,3608,-7967.43440,37.70861651885,-5.85613889300,-2.20826895787
136480.24910,143734.22720,3958,-7253.97810,34.48212458312,-5.31503873100,-1.83273827691
137154.95410,135276.90960,3915,1878.04450,35.03319389527,1.36928666700,0.47970485313
137686.53210,140525.78670,3344,-2839.25460,41.17420218301,-2.06211497700,-0.84905938995
137693.87350,135609.50760,4030,2084.36590,34.16721426799,1.51376807600,0.51721238213
137940.87220,147846.05220,3638,-9905.18000,37.91667735019,-7.18074334500,-2.72269928532
138038.23980,131192.31680,3758,6845.92300,36.73183602980,4.95943950700,1.82169318787
138291.63330,141027.43450,4259,-2735.80120,32.47044688894,-1.97828396000,-0.64235764264
138298.21020,139206.02690,4133,-907.81670,33.46194294701,-0.65641970300,-0.21965078635
138350.12180,143346.67460,3943,-4996.55280,35.08752772001,-3.61152757600,-1.26719573928
138491.55000,140752.60160,4270,-2261.05160,32.43361826698,-1.63262783900,-0.52952028103
138520.12680,147756.34280,3674,-9236.21600,37.70281077844,-6.66777905400,-2.51394011976
138624.94500,143537.39520,3572,-4912.45020,38.80877519597,-3.54369857500,-1.37526601344
138667.41590,148522.84900,3677,-9855.43310,37.71210658145,-7.10724508400,-2.68029184117
138752.52760,143791.47810,3953,-5038.95050,35.10056352138,-3.63160987900,-1.27471553251
139178.98410,148731.09050,4074,-9552.10640,34.16273541973,-6.86318158000,-2.34465056456
139935.93700,148697.54370,3713,-8761.60670,37.68810584433,-6.26115556000,-2.35971093455
140167.80390,136539.20330,3722,3628.60060,37.65927025793,2.58875469200,0.97490612574
140238.39050,153481.45340,4000,-13243.06290,35.05959762500,-9.44325077700,-3.31076572500
141285.39550,145443.04660,3814,-4157.65110,37.04388974830,-2.94273239300,-1.09010254326
141913.38240,136017.75040,3376,5895.63200,42.03595450237,4.15438762700,1.74633649289
142127.64210,144039.41370,3665,-1911.77160,38.77971135061,-1.34510892600,-0.52162935880
142378.18400,143924.56510,3595,-1546.38110,39.60450180807,-1.08610817800,-0.43014773296
142758.88110,126506.34470,3540,16252.53640,40.32736754237,11.38460618000,4.59111197740
143082.13330,162929.01850,4288,-19846.88520,33.36803481810,-13.87097378400,-4.62847136194
143192.53340,140505.63470,4191,2686.89870,34.16667463613,1.87642374700,0.64111159628
143752.73680,155659.53370,4305,-11906.79690,33.39204106852,-8.28283145400,-2.76580648084
143809.72060,148953.91090,4097,-5144.19030,35.10122543324,-3.57708107500,-1.25559929216
144328.54520,152824.11490,3827,-8495.56970,37.71323365560,-5.88627127700,-2.21990324014
144829.95670,141333.99630,4246,3495.96040,34.10974015544,2.41383791000,0.82335383891
145033.61080,149876.87330,3740,-4843.26250,38.77904032086,-3.33940696500,-1.29498997326
145185.26830,140651.93720,3949,4533.33110,36.76507173968,3.12244565400,1.14796938465
145697.15200,159317.60940,4151,-13620.45740,35.09928980968,-9.34847195900,-3.28124726572
145975.83390,157578.00590,3858,-11602.17200,37.83717830482,-7.94800871500,-3.00730222913
146166.60110,157693.18930,4503,-11526.58820,32.45982702643,-7.88592476900,-2.55975753942
146169.07660,141012.32940,4172,5156.74720,35.03573264621,3.52793307600,1.23603720038
146571.48240,143179.67000,4297,3391.81240,34.11018906214,2.31410117700,0.78934428671
146811.45510,155135.62910,4282,-8324.17400,34.28572048108,-5.66997581600,-1.94399205979
147471.80490,161402.91870,4202,-13931.11380,35.09562229891,-9.44662866900,-3.31535311756
147503.57320,131964.51580,3657,15539.05740,40.33458386656,10.53469896600,4.24912698934
147727.51620,154828.68460,4552,-7101.16840,32.45332078207,-4.80693684100,-1.56001063269
147893.94150,161665.60060,4216,-13771.65910,35.07920813567,-9.31184804500,-3.26652255693
148476.18120,145646.33680,4038,2829.84440,36.76973283804,1.90592482700,0.70080346706
148634.39140,145956.13970,4242,2678.25170,35.03875327676,1.80190578700,0.63136532296
148839.97490,129583.49210,3542,19256.48280,42.02144971767,12.93770898100,5.43661287408
148910.99840,161137.52200,3865,-12226.52360,38.52807203105,-8.21062495800,-3.16339549806
149138.92150,163505.71300,4351,-14366.79150,34.27692978626,-9.63316038200,-3.30195162032
149178.60150,160620.20710,3952,-11441.60560,37.74762183704,-7.66973646700,-2.89514311741
149444.05680,152030.98650,3629,-2586.92970,41.18050614494,-1.73103551600,-0.71284918710
149501.57450,143962.87190,3557,5538.70260,42.03024304189,3.70477877500,1.55712752319
149808.16590,146994.89550,3984,2813.27040,37.60245128012,1.87791525500,0.70614216867
149925.74970,146928.41180,4393,2997.33790,34.12832909174,1.99921488200,0.68229863419
150006.92980,139244.89580,3648,10762.03400,41.12032066886,7.17435788800,2.95011896930
150036.80500,167704.85540,4492,-17668.05040,33.40089158504,-11.77581087500,-3.93322582369
150370.11670,154998.83460,3765,-4628.71790,39.93894201859,-3.07821660400,-1.22940714475
150591.54790,149573.82760,3657,1017.72030,41.17898493301,0.67581502000,0.27829376538
150800.34700,152887.10640,4649,-2086.75940,32.43715788342,-1.38378952100,-0.44886199183
151157.79430,159828.76500,4294,-8670.97070,35.20209462040,-5.73637022200,-2.01932247322
151639.18380,135498.16320,3758,16141.02060,40.35103347525,10.64435998400,4.29510926024
151737.21880,154148.59880,3685,-2411.38000,41.17699289009,-1.58918162500,-0.65437720488
152124.40790,153377.51200,3889,-1253.10410,39.11658727179,-0.82373638600,-0.32221756236
152368.74910,166625.36500,4342,-14256.61590,35.09183535237,-9.35665350300,-3.28342144173
152504.63170,167600.65090,4345,-15096.01920,35.09887956272,-9.89872834100,-3.47434273878
153569.06190,151376.13560,4383,2192.92630,35.03743141684,1.42797401600,0.50032541638
153893.68520,163401.32920,4507,-9507.64400,34.14548151764,-6.17805986500,-2.10952828933
154494.78200,164108.82640,4519,-9614.04440,34.18782518256,-6.22289262800,-2.12747165302
154670.89070,158031.79100,3757,-3360.90030,41.16872257120,-2.17293654000,-0.89457021560
154850.05730,150644.34820,4398,4205.70910,35.20919902228,2.71598808100,0.95627764893
155156.87920,149423.24360,3690,5733.63560,42.04793474255,3.69537956000,1.55383078591
155272.82480,152636.27660,4544,2636.54820,34.17095616197,1.69801006900,0.58022627641
155312.78390,167421.97370,4382,-12109.18980,35.44335552259,-7.79664718900,-2.76339338202
155615.41940,171592.12590,4413,-15976.70650,35.26295477000,-10.26678883200,-3.62037310220
155620.50380,153366.01880,4575,2254.48500,34.01541066667,1.44870691500,0.49278360656
155918.38260,151036.44550,4216,4881.93710,36.98253856736,3.13108500700,1.15795472011
156536.68620,164641.35400,4825,-8104.66780,32.44283651813,-5.17748778000,-1.67972389637
156873.04370,165968.62450,4146,-9095.58080,37.83720301495,-5.79805209700,-2.19382074288
157291.73400,166305.03760,4171,-9013.30360,37.71079693119,-5.73030976900,-2.16094548070
158603.35700,171692.99360,4157,-13089.63660,38.15332138561,-8.25306402600,-3.14881804186
158722.10560,162082.41840,3855,-3360.31280,41.17304944228,-2.11710447500,-0.87167647211
158963.02490,167521.52590,4529,-8558.50100,35.09892358136,-5.38395705900,-1.88971097372
159299.98910,174699.07670,4532,-15399.08760,35.15004172551,-9.66672231900,-3.39785692851
159590.49010,182351.13880,4776,-22760.64870,33.41509424204,-14.26190789000,-4.76562996231
159625.74090,169479.10610,4672,-9853.36520,34.16646851455,-6.17279214800,-2.10902508562
160372.03970,167021.15780,4941,-6649.11810,32.45740532281,-4.14605819800,-1.34570291439
160727.30280,156700.82500,4268,4026.47780,37.65869325211,2.50516105800,0.94341091846
160938.60160,152555.41730,3748,8383.18430,42.93986168623,5.20893323100,2.23670872465
160947.53260,162597.49680,4404,-1649.96420,36.54576126249,-1.02515656700,-0.37465127157
161064.75230,170739.36660,4270,-9674.61430,37.72008250585,-6.00666139700,-2.26571763466
161170.82040,165415.08380,4834,-4244.26340,33.34108820852,-2.63339442600,-0.87800235830
161267.52060,175378.14590,4592,-14110.62530,35.11923358014,-8.74982466900,-3.07287136324
161275.60220,143446.35830,3841,17829.24390,41.98792038532,11.05514018000,4.64182345743
161844.80940,169348.51860,4095,-7503.70920,39.52254197802,-4.63636073800,-1.83240761905
162162.10350,173661.82780,4299,-11499.72430,37.72088939288,-7.09149921700,-2.67497657595
162166.83600,172225.65270,4601,-10058.81670,35.24599782656,-6.20275818900,-2.18622401652
162727.52480,168580.17060,4649,-5852.64580,35.00269408475,-3.59659240600,-1.25890423747
162923.84960,173292.68110,4765,-10368.83150,34.19178375656,-6.36421955700,-2.17604018888
162929.49210,161434.81510,4103,1494.67700,39.70984452839,0.91737657900,0.36428881306
163079.37800,160332.58940,4270,2746.78860,38.19189180328,1.68432614500,0.64327601874
163289.93670,185404.04400,4895,-22114.10730,33.35851617978,-13.54284761600,-4.51769301328
163432.84520,166893.36890,5037,-3460.52370,32.44646519754,-2.11739794200,-0.68702078618
163849.03580,157300.62560,4581,6548.41020,35.76708923816,3.99661198400,1.42947177472
163865.49030,160525.42690,4791,3340.06340,34.20277401378,2.03829579600,0.69715370486
164208.06060,167239.64880,4928,-3031.58820,33.32144086851,-1.84618720200,-0.61517617695
164527.53890,179308.94950,4694,-14781.41060,35.05060479335,-8.98415590400,-3.14900097997
164663.96760,168975.17400,5056,-4311.20640,32.56803156646,-2.61818445300,-0.85269113924
164719.60450,176647.84270,4800,-11928.23820,34.31658427083,-7.24154130700,-2.48504962500
164809.30300,175167.42880,4678,-10358.12580,35.23071889696,-6.28491572500,-2.21422099188
164998.84460,156263.14950,3843,8735.69510,42.93490621910,5.29439774000,2.27314470466
165557.76180,175871.11090,4385,-10313.34910,37.75547589510,-6.22945670900,-2.35196102623
165742.17050,173725.35750,5106,-7983.18700,32.46027624363,-4.81662993500,-1.56349138269
166037.92570,179571.12910,4308,-13533.20340,38.54176548282,-8.15067000100,-3.14141211699
166176.28380,178568.18050,4394,-12391.89670,37.81890846609,-7.45707896300,-2.82018586709
166393.54070,170061.86410,4990,-3668.32340,33.34539893788,-2.20460685200,-0.73513494990
166395.44580,179020.54250,4838,-12625.09670,34.39343650269,-7.58740519600,-2.60956938818
166403.12700,179221.57230,4410,-12818.44530,37.73313537415,-7.70324784800,-2.90667693878
166433.17210,174376.63250,5141,-7943.46040,32.37369618751,-4.77276272500,-1.54511970434
166536.00030,179243.05180,4410,-12707.05150,37.76326537415,-7.63021297300,-2.88141757370
166652.39480,163319.71650,4537,3332.67830,36.73184809345,1.99977822300,0.73455549923
167796.35480,182485.09890,4914,-14688.74410,34.14659234839,-8.75391132200,-2.98916241351
167803.65980,168135.69000,5072,-332.03020,33.08431778391,-0.19786827100,-0.06546336751
168349.26530,156675.59010,3938,11673.67520,42.74994040122,6.93420026500,2.96436648045
168520.62940,175540.11550,5194,-7019.48610,32.44525017328,-4.16535715800,-1.35146055064
168729.96240,184673.48850,4803,-15943.52610,35.13011917552,-9.44913747000,-3.31949325422
169304.27830,162287.90920,4027,7016.36910,42.04228415694,4.14423614700,1.74233153712
169498.91640,164492.94660,4611,5005.96980,36.75968692258,2.95339339400,1.08565816526
169541.26590,182419.14140,4489,-12877.87550,37.76815903319,-7.59571743900,-2.86876264201
170624.07990,173547.02710,4144,-2922.94720,41.17376445463,-1.71309184600,-0.70534440154
171196.17520,174428.68090,4451,-3232.50570,38.46240736913,-1.88818803700,-0.72624257470
171469.93050,174652.45800,4165,-3182.52750,41.16925102041,-1.85602658800,-0.76411224490
171587.33230,174723.17540,5151,-3135.84310,33.31146035721,-1.82754930600,-0.60878336245
171724.82880,168652.20360,4901,3072.62520,35.03873266680,1.78927253600,0.62693842073
172541.50790,150538.98370,4105,22002.52420,42.03203602923,12.75201803200,5.35993281364
172797.93510,183715.80720,5048,-10917.87210,34.23096971078,-6.31828852200,-2.16281143027
172953.92470,165201.30500,4936,7752.61970,35.03928782415,4.48247688700,1.57062797812
173306.90650,178699.97590,4453,-5393.06940,38.91913462834,-3.11186063400,-1.21110922973
173833.13320,179871.05330,4715,-6037.92010,36.86810884411,-3.47340003000,-1.28057690350
173833.40010,190644.50160,4541,-16811.10150,38.28086326800,-9.67081210500,-3.70207035895
173987.75150,184188.97900,4601,-10201.22750,37.81520354271,-5.86318715700,-2.21717615736
174324.99480,180978.60100,5429,-6653.60620,32.10996404494,-3.81678267500,-1.22556754467
174581.67680,185040.81730,5089,-10459.14050,34.30569400668,-5.99097264500,-2.05524474356
176814.20260,178390.14910,4348,-1575.94650,40.66563997240,-0.89130085500,-0.36245319687
177159.67310,190811.57790,4695,-13651.90480,37.73368969116,-7.70598893100,-2.90775395101
177192.56980,193615.30370,5042,-16422.73390,35.14331015470,-9.26829715200,-3.25718641412
177500.10770,192327.32070,4632,-14827.21300,38.32040321675,-8.35335436800,-3.20103907599
177626.95010,188629.75420,5185,-11002.80410,34.25784958534,-6.19433261300,-2.12204514947
177908.83560,184687.52910,5485,-6778.69350,32.43552153145,-3.81020620900,-1.23586025524
178123.53210,187748.17220,5550,-9624.64010,32.09433010811,-5.40335125100,-1.73416938739
178394.81200,194427.44800,4624,-16032.63600,38.58019290657,-8.98716494100,-3.46726557093
178921.09930,192507.52870,5228,-13586.42940,34.22362266641,-7.59353114500,-2.59878144606
179188.88450,183083.28500,5524,-3894.40050,32.43824846126,-2.17334937400,-0.70499646995
179326.49020,183278.50240,5380,-3952.01220,33.33206137546,-2.20380837000,-0.73457475836
179602.91520,193348.59140,4758,-13745.67620,37.74756519546,-7.65337031700,-2.88896094998
179841.43180,170757.58120,4891,9083.85060,36.76986951544,5.05103329600,1.85725835208
180183.03140,173842.92090,5143,6340.11050,35.03461625510,3.51870564700,1.23276502042
180294.26870,175656.65040,5124,4637.61830,35.18623510929,2.57224943100,0.90507773224
180394.82770,172344.30440,5149,8050.52330,35.03492478151,4.46272401600,1.56351200233
180685.51070,176898.27780,4802,3787.23290,37.62713675552,2.09603575000,0.78867823823
180828.67410,182962.33700,4719,-2133.66290,38.31927825811,-1.17993615300,-0.45214301759
181209.12850,178435.71530,5304,2773.41320,34.16461698718,1.53050413200,0.52289087481
181534.18870,197328.94390,4705,-15794.75520,38.58324945802,-8.70070553300,-3.35701492030
182466.25520,198405.22910,4836,-15938.97390,37.73082200165,-8.73529951200,-3.29590031017
182483.14650,187344.73720,5475,-4861.59070,33.33025506849,-2.66413134200,-0.88796177169
183413.70830,197835.49510,5653,-14421.78680,32.44537560587,-7.86298196200,-2.55117403149
183843.81730,195365.73070,4865,-11521.91340,37.78906830421,-6.26722920000,-2.36832752312
184259.69240,192057.51080,5752,-7797.81840,32.03402162726,-4.23197189700,-1.35567079277
184989.88870,192824.89010,5783,-7835.00140,31.98856799239,-4.23536737900,-1.35483337368
185109.52310,178347.36940,4404,6762.15370,42.03213512716,3.65305554600,1.53545724342
185422.88560,191390.40130,5014,-5967.51570,36.98103023534,-3.21832749000,-1.19017066215
185606.27500,193340.31540,5788,-7734.04040,32.06742829993,-4.16690674900,-1.33621983414
185648.49110,197095.10870,4914,-11446.61760,37.77950571836,-6.16574771600,-2.32938901099
185771.00150,192527.01100,5042,-6756.00950,36.84470477985,-3.63674063500,-1.33994635065
186166.15080,202391.17870,5453,-16225.02790,34.14013401797,-8.71534800000,-2.97543148725
187143.01810,191499.04280,5737,-4356.02470,32.62036222765,-2.32764478400,-0.75928616001
187155.86850,195078.60330,5764,-7922.73480,32.46978981610,-4.23322809100,-1.37452026371
188334.52120,195254.78100,5857,-6920.25980,32.15545863070,-3.67445105400,-1.18153658870
188736.24740,183103.23370,4935,5633.01370,38.24442703141,2.98459558100,1.14144147923
190325.18110,197438.11160,5863,-7112.93050,32.46208103360,-3.73725140300,-1.21318957871
190559.88750,187742.30000,5558,2817.58750,34.28569404462,1.47858373400,0.50694269521
190560.57920,200804.03680,4936,-10243.45760,38.60627617504,-5.37543370400,-2.07525478120
190719.61450,187072.59520,5583,3647.01930,34.16077637471,1.91224133400,0.65323648576
190892.45900,216571.05950,5720,-25678.60050,33.37280751748,-13.45186742000,-4.48926582168
191287.35350,177577.28720,4652,13710.06630,41.11937951419,7.16726226200,2.94713377042
191700.38910,197153.42400,5903,-5453.03490,32.47507862104,-2.84456120600,-0.92377348806
192001.03460,201125.77550,5211,-9124.74090,36.84533383228,-4.75244361000,-1.75105371330
193182.15060,208039.17340,5118,-14857.02280,37.74563317702,-7.69068092200,-2.90289620946
193652.32780,198212.06870,5810,-4559.74090,33.33086537005,-2.35460164700,-0.78480910499
193772.58110,201254.71250,6037,-7482.13140,32.09749562697,-3.86129521400,-1.23937906245
194028.06180,204053.49890,5014,-10025.43710,38.69726003191,-5.16700368300,-1.99948885122
194878.80260,204460.66540,6070,-9581.86280,32.10523930807,-4.91683172900,-1.57856059308
195425.39110,210461.38620,5505,-15035.99510,35.49961691190,-7.69398235100,-2.73133425976
195767.97360,210639.84820,5723,-14871.87460,34.20722935523,-7.59668413900,-2.59861516687
195831.09750,205442.82810,5259,-9611.73060,37.23732601255,-4.90817379000,-1.82767267541
195866.77300,203331.43480,6032,-7464.66180,32.47128199602,-3.81109143000,-1.23751024536
196420.76350,211510.78610,5205,-15090.02260,37.73693823247,-7.68249869900,-2.89913978866
197698.11860,205114.12890,6092,-7416.01030,32.45208775443,-3.75117899600,-1.21733589954
197778.13370,209372.29220,5759,-11594.15850,34.34244377496,-5.86220442200,-2.01322425768
198019.33210,205903.82490,6102,-7884.49280,32.45154573910,-3.98167831200,-1.29211615864
198431.62750,209499.79410,5253,-11068.16660,37.77491481058,-5.57782382800,-2.10701819912
198442.91270,213676.42840,5257,-15233.51570,37.74831894617,-7.67652293200,-2.89775836028
198985.39960,209483.87580,5150,-10498.47620,38.63794166990,-5.27600327500,-2.03853906796
199385.91240,214719.75280,5283,-15333.84040,37.74103963657,-7.69053350600,-2.90248729888
200173.11680,202881.17770,6175,-2708.06090,32.41669907692,-1.35285943700,-0.43855237247
200193.61200,203814.73640,4862,-3621.12440,41.17515672563,-1.80881116200,-0.74478083093
200271.56430,207757.70300,6232,-7486.13870,32.13600197368,-3.73799382200,-1.20124176829
200369.82990,210964.76810,5179,-10594.93820,38.68890324387,-5.28769136800,-2.04574979726
200407.27710,215907.82490,6173,-15500.54780,32.46513479670,-7.73452342900,-2.51102345699
200616.07620,217104.57970,6007,-16488.50350,33.39704947561,-8.21893430100,-2.74488155485
200939.69240,192019.14430,5735,8920.54810,35.03743546643,4.43941562400,1.55545738448
201048.83050,219110.39320,5732,-18061.56270,35.07481341591,-8.98366961700,-3.15100535590
201120.72760,218098.76190,6253,-16978.03430,32.16387775468,-8.44171284700,-2.71518220054
201146.48930,216428.50040,5326,-15282.01110,37.76689622606,-7.59745355400,-2.86932239955
201367.78700,220579.99560,5731,-19212.20860,35.13658820450,-9.54085501300,-3.35233093701
201918.22210,209095.56970,5749,-7177.34760,35.12232076883,-3.55458141700,-1.24845148722
202017.42200,189394.69370,4720,12622.72830,42.80030127119,6.24833649200,2.67430684322
202249.67720,220152.18680,5913,-17902.50960,34.20424102824,-8.85168760100,-3.02765256215
202359.14290,221435.76860,5288,-19076.62570,38.26761401286,-9.42711331300,-3.60753133510
202902.62490,232360.32720,6085,-29457.70230,33.34472060805,-14.51814746800,-4.84103571076
203165.08300,205350.64310,6119,-2185.56010,33.20233420494,-1.07575576900,-0.35717602549
203345.24460,206918.91260,6161,-3573.66800,33.00523366337,-1.75743868900,-0.58004674566
203861.47240,217065.61520,5406,-13204.14280,37.71022426933,-6.47701728300,-2.44249774325
204005.58220,219722.89500,6098,-15717.31280,33.45450675631,-7.70435427800,-2.57745372253
204028.17680,216777.31570,5959,-12749.13890,34.23866031213,-6.24871481000,-2.13947623762
204565.08180,210188.90940,5014,-5623.82760,40.79877977663,-2.74916302900,-1.12162497008
205197.89840,221931.58010,5992,-16733.68170,34.24531014686,-8.15489916300,-2.79267051068
205368.92260,201281.23900,5581,4087.68360,36.79787181509,1.99041001300,0.73242852535
205719.45320,218408.18210,6007,-12688.72890,34.24662114200,-6.16797716600,-2.11232377227
207429.42900,215118.84650,6448,-7689.41750,32.16957645782,-3.70700413000,-1.19252752792
208489.09030,201416.83760,5632,7072.25270,37.01865949929,3.39214521500,1.25572668679
208489.36940,221372.83690,6087,-12883.46750,34.25158031871,-6.17943616800,-2.11655454247
208583.21800,227060.26270,5945,-18477.04470,35.08548662742,-8.85835633200,-3.10799742641
209026.01970,222163.72890,6119,-13137.70920,34.16016010786,-6.28520277900,-2.14703533257
209908.38310,223554.08660,6457,-13645.70350,32.50865465386,-6.50079015400,-2.11331942078
210305.29190,223289.08460,6138,-12983.79270,34.26283673835,-6.17378316200,-2.11531324536
210664.86280,220379.27670,6082,-9714.41390,34.63743222624,-4.61131190600,-1.59724003617
210764.71800,217364.46300,6500,-6599.74500,32.42534123077,-3.13133292100,-1.01534538462
211700.81320,229023.81070,6345,-17322.99750,33.36498237983,-8.18277324400,-2.73018085106
212360.99310,221017.07310,6548,-8656.08000,32.43142839035,-4.07611580300,-1.32194257789
212465.08320,225678.93450,5627,-13213.85130,37.75814522836,-6.21930488600,-2.34829417096
212687.50940,221403.64500,6632,-8716.13560,32.06988983715,-4.09809472300,-1.31425446321
213778.13810,230994.35520,6051,-17216.21710,35.32938986944,-8.05331043300,-2.84518544042
214177.98340,220255.21920,6607,-6077.23580,32.41682812169,-2.83746989500,-0.91981773876
214392.40090,218347.79780,6424,-3955.39690,33.37366141034,-1.84493334800,-0.61572180884
214452.24840,231730.23270,6265,-17277.98430,34.23020724661,-8.05679792500,-2.75785862729
214540.33310,223738.43270,5822,-9198.09960,36.84993698042,-4.28735215800,-1.57988656819
215171.03820,234621.59890,6278,-19450.56070,34.27381940108,-9.03958119200,-3.09820973240
215203.55880,234819.44740,5706,-19615.88860,37.71530998948,-9.11503913300,-3.43776526463
215737.84280,234642.08570,6150,-18904.24290,35.07932403252,-8.76259939100,-3.07386063415
215951.50790,210032.78810,5609,5918.71980,38.50089283295,2.74076335800,1.05521836334
216389.50430,235723.76480,5607,-19334.26050,38.59274198324,-8.93493451200,-3.44823622258
217110.50250,213540.73420,6320,3569.76830,34.35292761076,1.64421723400,0.56483675633
217683.36230,246975.73080,6360,-29292.36850,34.22694375786,-13.45641127100,-4.60571831761
217746.01290,234483.41700,5770,-16737.40410,37.73761055459,-7.68666386900,-2.90076327556
218104.06690,238662.19210,6525,-20558.12520,33.42591063602,-9.42583304000,-3.15067052874
218189.34850,225607.59520,6752,-7418.24670,32.31477317832,-3.39991239300,-1.09867397808
219363.22010,237026.35050,6577,-17663.13040,33.35308196746,-8.05200178600,-2.68559075566
220271.72140,237123.34330,6212,-16851.62190,35.45906654862,-7.65037917400,-2.71275304250
220443.63150,239988.02750,5717,-19544.39600,38.55931983558,-8.86593813900,-3.41864544341
220506.20930,234723.22000,5846,-14217.01070,37.71915998974,-6.44744234000,-2.43192109134
221578.69680,240449.62230,6641,-18870.92550,33.36526077398,-8.51657933400,-2.84157890378
221618.32820,253291.06230,6636,-31672.73410,33.39637254370,-14.29156801100,-4.77286529536
223937.96790,230079.62100,6827,-6141.65310,32.80181161564,-2.74256891700,-0.89961228944
224020.41000,229533.97370,6911,-5513.56370,32.41504992042,-2.46118811200,-0.79779535523
224030.55440,237934.73420,6541,-13904.17980,34.25019941905,-6.20637655300,-2.12569634612
224102.88850,244359.80750,5937,-20256.91900,37.74682305878,-9.03911553100,-3.41197894560
224232.12140,233554.03220,6991,-9321.91080,32.07439871263,-4.15725933500,-1.33341593477
224699.25280,233589.98300,7014,-8890.73020,32.03582161392,-3.95672441700,-1.26756917593
224994.19510,242259.85950,5959,-17265.66440,37.75703894949,-7.67382660400,-2.89740969961
224994.65620,227546.44660,6937,-2551.79040,32.43399974052,-1.13415600300,-0.36785215511
225051.59150,228214.14210,6934,-3162.55060,32.45624336602,-1.40525582600,-0.45609325065
226132.46390,234496.51280,7023,-8364.04890,32.19884150648,-3.69873867500,-1.19095100384
226375.54310,240429.68550,6647,-14054.14240,34.05679902212,-6.20833072700,-2.11435871822
226617.95490,233191.10460,6968,-6573.14970,32.52266861366,-2.90054232600,-0.94333376866
228124.39800,222208.35040,5652,5916.04760,40.36171231423,2.59334277800,1.04671755131
228177.31680,242589.58720,6685,-14412.27040,34.13273250561,-6.31625904000,-2.15591180254
228731.86550,252845.44560,6675,-24113.58010,34.26694614232,-10.54229153700,-3.61252136330
229184.47190,250361.15020,6077,-21176.67830,37.71342305414,-9.24001444100,-3.48472573638
229672.25630,237672.01640,6227,-7999.76010,36.88329152080,-3.48311991600,-1.28468927252
229861.47030,241090.13360,6646,-11228.66330,34.58643850436,-4.88496975400,-1.68953705989
232347.35320,241134.52780,7158,-8787.17460,32.45981464096,-3.78191293300,-1.22760192791
232410.19800,245358.63000,6282,-12948.43200,36.99621107927,-5.57136997900,-2.06119579752
234153.76220,261088.38640,7620,-26934.62420,30.72884018373,-11.50296452500,-3.53472758530
234468.07120,251493.90890,6585,-17025.83770,35.60638894457,-7.26147386000,-2.58554862566
234705.59280,252709.82310,6221,-18004.23030,37.72795254782,-7.67098477900,-2.89410549751
236305.15640,250572.45340,6918,-14267.29700,34.15801624747,-6.03765792400,-2.06234417462
237946.63270,254527.41550,6968,-16580.78280,34.14848345293,-6.96827797600,-2.37956125144
238637.81640,274093.57800,7139,-35455.76160,33.42734506233,-14.85756203100,-4.96648852781
239513.97900,249203.12080,7380,-9689.14180,32.45446869919,-4.04533457300,-1.31289184282
239922.99820,251700.96640,6191,-11777.96820,38.75351287353,-4.90906177700,-1.90243388790
242185.18070,261534.91200,7259,-19349.73130,33.36343583138,-7.98964298500,-2.66561941039
242758.95050,255779.85450,7485,-13020.90400,32.43272551770,-5.36371737200,-1.73959973280
242824.50130,259860.51250,7619,-17036.01120,31.87091498884,-7.01577110600,-2.23599044494
243161.25920,266054.36990,6924,-22893.11070,35.11861051415,-9.41478538800,-3.30634181109
243554.22430,262251.08010,6453,-18696.85580,37.74279006664,-7.67667071000,-2.89738971021
243707.87190,250794.22130,7494,-7086.34940,32.52039923939,-2.90772281800,-0.94560306912
243720.86800,252929.29470,7579,-9208.42670,32.15739121256,-3.77826764500,-1.21499230769
244481.49770,272633.39980,7958,-28151.90210,30.72147495602,-11.51494177100,-3.53755995225
244535.20520,239700.68480,7155,4834.52040,34.17682812020,1.97702428800,0.67568419287
245813.28830,267734.72530,6371,-21921.43700,38.58315622351,-8.91792187100,-3.44081572752
247453.10220,242638.80120,6730,4814.30100,36.76866303120,1.94554077400,0.71534933135
248437.71130,269807.62040,7056,-21369.90910,35.20942620465,-8.60171710200,-3.02861523526
248974.65280,241961.14320,6781,7013.50960,36.71650977732,2.81695727700,1.03428839404
249380.56540,268761.83240,6611,-19381.26700,37.72206404477,-7.77176319600,-2.93166949024
249805.51720,255956.65400,7497,-6151.13680,33.32073058557,-2.46237027500,-0.82047976524
249981.24970,262145.17730,7220,-12163.92760,34.62344178670,-4.86593599100,-1.68475451524
250481.61770,266061.92840,6639,-15580.31070,37.72881724657,-6.22014135900,-2.34678576593
251449.52960,273255.09850,7372,-21805.56890,34.10872620727,-8.67194658700,-2.95789051818
252458.26220,261502.38180,7190,-9044.11960,35.11241477051,-3.58242171200,-1.25787477051
253116.91320,262409.56940,6872,-9292.65620,36.83307817229,-3.67129011000,-1.35224915600
253218.83120,276194.82950,6704,-22975.99830,37.77130536993,-9.07357410600,-3.42720738365
253686.30250,268974.57070,7392,-15288.26820,34.31903442911,-6.02644606700,-2.06821810065
253702.22300,274426.08030,7593,-20723.85730,33.41264625313,-8.16857537000,-2.72933719215
255224.22260,265532.54620,7864,-10308.32360,32.45475872330,-4.03892839600,-1.31082446592
256390.52220,267308.50710,8079,-10917.98490,31.73542792425,-4.25834184800,-1.35140300780
256434.50990,276173.79250,6795,-19739.28260,37.73870638705,-7.69759210900,-2.90497168506
256701.54270,276569.25040,6803,-19867.70770,37.73357970013,-7.73961367400,-2.92043329413
257324.60310,276852.17990,7520,-19527.57680,34.21869722074,-7.58869403300,-2.59675223404
258066.16940,287168.56610,8400,-29102.39670,30.72216302381,-11.27710647500,-3.46457103571
258211.44420,278825.60670,6843,-20614.16250,37.73366128891,-7.98344262500,-3.01244519947
258970.65410,274386.01540,7542,-15415.36130,34.33713260408,-5.95255140100,-2.04393546805
259541.60870,273280.04640,6721,-13738.43770,38.61651669394,-5.29334690100,-2.04410618956
260653.66700,283981.15070,7423,-23327.48370,35.11432938165,-8.94960886900,-3.14259513674
262349.59100,272809.29040,8091,-10459.69940,32.42486602398,-3.98693184900,-1.29275731059
262394.78000,285838.55680,7474,-23443.77680,35.10767728124,-8.93454389600,-3.13671083757
262421.28190,285675.84570,7479,-23254.56380,35.08774995320,-8.86153883200,-3.10931458751
262459.50570,259298.45660,6588,3161.04910,39.83902636612,1.20439497600,0.47981923194
264086.89380,291378.57980,7494,-27291.68600,35.23977766213,-10.33435836500,-3.64180491060
264159.30060,280392.27360,7712,-16232.97300,34.25302134336,-6.14514535900,-2.10489795124
264317.11040,283912.96870,8147,-19595.85830,32.44348967718,-7.41376836000,-2.40528517246
264637.36530,284828.65970,7009,-20191.29440,37.75679345128,-7.62979724200,-2.88076678556
266271.03910,281658.41830,7771,-15387.37920,34.26470712907,-5.77884070800,-1.98010284391
266305.92590,277238.01040,8207,-10932.08450,32.44863237480,-4.10508495600,-1.33204392592
266949.23880,294322.92720,7806,-27373.68840,34.19795526518,-10.25426726200,-3.50674973098
267782.15400,283430.33680,7102,-15648.18280,37.70517516193,-5.84362421700,-2.20334874683
268330.39270,249584.21520,6534,18746.17750,41.06678798592,6.98622966700,2.86902012550
268410.48070,284592.99470,7104,-16182.51400,37.78300685529,-6.02901718200,-2.27794397523
269239.85260,291365.01760,7128,-22125.16500,37.77214542649,-8.21764118000,-3.10397937710
269555.02310,281915.19210,7316,-12360.16900,36.84459036359,-4.58539739200,-1.68947088573
269835.82860,290492.10630,7148,-20656.27770,37.74983612199,-7.65512786300,-2.88979822328
270123.55080,289864.79850,8408,-19741.24770,32.12696845861,-7.30822900900,-2.34791242864
271101.46170,295019.46940,7023,-23918.00770,38.60194527979,-8.82252996700,-3.40566819023
271551.09510,293343.87400,7938,-21792.77890,34.20900668934,-8.02529589900,-2.74537401109
272761.29750,298164.41610,7738,-25403.11860,35.24958613337,-9.31331491400,-3.28290496252
273563.01480,295854.55230,7750,-22291.53750,35.29845352258,-8.14859330200,-2.87632741935
274343.65430,299516.83780,7141,-25173.18350,38.41810030808,-9.17578486200,-3.52516223218
274712.25330,304334.78460,8909,-29622.53130,30.83536348636,-10.78311249100,-3.32501193175
274814.77810,287978.17490,7459,-13163.39680,36.84338089556,-4.78991591800,-1.76476696608
274990.14650,299576.24140,7843,-24586.09490,35.06185726125,-8.94071850000,-3.13478195843
275458.80690,307092.27440,8035,-31633.46750,34.28236551338,-11.48391944900,-3.93695924082
276174.76930,271550.89560,8130,4623.87370,33.96983632226,1.67425638200,0.56874215252
278071.38660,295548.24160,8120,-17476.85500,34.24524465517,-6.28502458100,-2.15232204433
278116.36930,295645.62910,8116,-17529.25980,34.26766501971,-6.30285079700,-2.15983979793
279092.09600,301236.10990,7259,-22144.01390,38.44773329660,-7.93430348500,-3.05055984295
280055.11770,301279.65500,8631,-21224.53730,32.44758633994,-7.57870003400,-2.45910523694
280264.24450,306935.16040,7987,-26670.91590,35.09005189683,-9.51634624200,-3.33929083511
280321.81070,302469.83200,8211,-22148.02130,34.13978939228,-7.90092688300,-2.69735979783
281531.68560,304052.47700,8431,-22520.79140,33.39244284189,-7.99938072800,-2.67118863717
282246.62870,304489.63830,7341,-22243.00960,38.44798102438,-7.88069983400,-3.02996997684
282757.71140,305894.18010,8482,-23136.46870,33.33620742749,-8.18243597500,-2.72771382929
283284.58130,304997.85180,8298,-21713.27050,34.13889868643,-7.66482609100,-2.61668721379
283850.59710,304440.65150,8747,-20590.05440,32.45119436378,-7.25383515500,-2.35395614496
285053.97990,281159.58110,8209,3894.39880,34.72456814472,1.36619695700,0.47440599342
285081.97430,297627.69070,7731,-12545.71640,36.87517453111,-4.40073997300,-1.62278054585
285968.48780,305506.99820,8364,-19538.51040,34.19039787183,-6.83239980400,-2.33602467719
286230.67890,297642.89140,8932,-11412.21250,32.04553055307,-3.98706824300,-1.27767717197
286405.99880,296902.67250,8904,-10496.67370,32.16599267745,-3.66496293500,-1.17887170934
288118.30440,300213.55940,9005,-12095.25500,31.99536972793,-4.19801686200,-1.34317101610
289243.38310,312784.97430,8196,-23541.59120,35.29079832845,-8.13902497900,-2.87232689117
292634.74570,304508.37900,9018,-11873.63330,32.45007160124,-4.05749265100,-1.31665927035
293071.75920,310240.37840,7770,-17168.61920,37.71837312741,-5.85816226300,-2.20960350064
293461.08390,315937.86220,7775,-22476.77830,37.74419085531,-7.65920237200,-2.89090396141
293917.85250,311853.52050,8577,-17935.66800,34.26814183281,-6.10227240300,-2.09113536201
294023.41090,301522.35230,8821,-7498.94140,33.33220846843,-2.55045725000,-0.85012372747
294557.64640,336897.92240,8828,-42340.27600,33.36629433620,-14.37419008400,-4.79613457182
295508.32730,307222.39540,9108,-11714.06810,32.44491955424,-3.96403993300,-1.28612956741
295741.34700,292327.02830,8537,3414.31870,34.64230373668,1.15449487700,0.39994362188
297500.67400,319786.35950,8717,-22285.68550,34.12879132729,-7.49096975200,-2.55657743490
300345.48460,306986.12050,9268,-6640.63590,32.40672039275,-2.21099908000,-0.71651228960
301033.98650,328965.14330,8567,-27931.15680,35.13878679818,-9.27840644300,-3.26031945839
301553.84260,313529.18770,9284,-11975.34510,32.48102570013,-3.97121290100,-1.28989068290
302721.68330,294129.67110,8249,8592.01220,36.69798561038,2.83825463300,1.04158227664
303226.29840,325836.94010,9328,-22610.64170,32.50710746141,-7.45668888900,-2.42395387007
305231.90810,324248.84150,8086,-19016.93340,37.74819541182,-6.23032287800,-2.35183445461
306351.95090,313446.06810,9448,-7094.11720,32.42505830864,-2.31567554200,-0.75085914479
306920.21160,332242.41160,8127,-25322.20000,37.76549915098,-8.25041787500,-3.11581149256
307043.93540,313652.34830,9470,-6608.41290,32.42280204857,-2.15226947600,-0.69782607181
307272.68370,319500.00950,9473,-12227.32580,32.43668148422,-3.97930777700,-1.29075538900
307540.67520,324997.33650,8156,-17456.66130,37.70729220206,-5.67621219200,-2.14034591712
308642.97720,327672.04150,9012,-19029.06430,34.24800013316,-6.16539682000,-2.11152511096
309217.87560,320116.92430,9772,-10899.04870,31.64325374540,-3.52471495300,-1.11533449652
309518.07210,338720.02360,8811,-29201.95150,35.12859744637,-9.43465152200,-3.31426075360
310346.12130,323325.02990,9789,-12978.90860,31.70355718664,-4.18207533800,-1.32586664624
311443.18120,355343.87180,9273,-43900.69060,33.58602191308,-14.09589076000,-4.73424895934
312311.95400,348177.12050,10164,-35865.16650,30.72726820150,-11.48376360300,-3.52864684179
313125.33250,338299.61780,8863,-25174.28530,35.32949706646,-8.03968337500,-2.84037970213
313434.93330,337931.11700,9182,-24496.18370,34.13580192768,-7.81539678500,-2.66784836637
313491.73510,333030.87570,9183,-19539.14060,34.13827018404,-6.23274504900,-2.12775134488
315272.22480,346093.06700,9210,-30820.84220,34.23151192182,-9.77594592100,-3.34645409338
316073.17750,329754.77950,9737,-13681.60200,32.46104318579,-4.32861848900,-1.40511471706
316167.07470,346378.30480,8268,-30211.23010,38.23984938316,-9.55546371400,-3.65399493227
316365.49870,335025.07640,8364,-18659.57770,37.82466507652,-5.89810765600,-2.23093946676
316394.73090,326627.13840,7778,-10232.40750,40.67816031113,-3.23406381400,-1.31555766264
316404.06230,323293.39660,9493,-6889.33430,33.33024989993,-2.17738490800,-0.72572783103
317690.76090,345449.52990,9038,-27758.76900,35.15055995796,-8.73766958800,-3.07133978756
317916.31790,322089.78900,9802,-4173.47110,32.43382145481,-1.31275774900,-0.42577750459
318949.81710,326322.52600,9573,-7372.70890,33.31764515826,-2.31155765100,-0.77015657579
319579.79410,339241.69180,8450,-19661.89770,37.82009397633,-6.15242204400,-2.32685179882
320309.27440,336742.60240,8283,-16433.32800,38.67068385851,-5.13045650400,-1.98398261499
321821.02030,346487.52030,8526,-24666.50000,37.74583864649,-7.66466403500,-2.89309171945
323548.78530,368434.88590,9693,-44886.10060,33.37963327143,-13.87305489600,-4.63077484783
325215.07680,345446.00180,9260,-20230.92500,35.12041866091,-6.22078324300,-2.18476511879
325457.52500,353929.73840,9266,-28472.21340,35.12384254263,-8.74836536700,-3.07276207641
325749.00890,345287.81150,9501,-19538.80260,34.28576033049,-5.99811574700,-2.05649958952
326906.07420,333806.29190,10084,-6900.21770,32.41829375248,-2.11076460300,-0.68427386950
327352.26140,345338.62810,9301,-17986.36670,35.19538344264,-5.49449899100,-1.93380998817
328217.77000,340913.59170,10223,-12695.82170,32.10581727477,-3.86810918300,-1.24188806613
329344.26830,341253.32960,9385,-11909.06130,35.09262315397,-3.61599166800,-1.26894632925
330589.19980,355565.04170,8748,-24975.84190,37.79026060814,-7.55494792800,-2.85503451075
332559.76500,361970.28590,9721,-29410.52090,34.21044799918,-8.84367984200,-3.02546249357
333488.79790,359621.07490,9422,-26132.27700,35.39469304819,-7.83602842600,-2.77353820845
334318.89780,360168.82710,8863,-25849.92930,37.72073765091,-7.73211729000,-2.91661167776
336901.37170,343519.87550,10381,-6618.50380,32.45365299104,-1.96452266300,-0.63755936808
337506.78840,362223.16090,9490,-24716.37250,35.56446663857,-7.32322233200,-2.60446496312
337900.17820,358772.25040,9908,-20872.07220,34.10377252725,-6.17699354600,-2.10658782802
339004.33690,371177.18690,10153,-32172.85000,33.38957321974,-9.49039481200,-3.16880232444
340440.20550,366359.65860,9936,-25919.45310,34.26330570652,-7.61351117800,-2.60864060990
340851.50590,364361.03290,9973,-23509.52700,34.17742965006,-6.89729298300,-2.35731745713
343587.00850,362390.59600,8892,-18803.58750,38.64001445119,-5.47272947900,-2.11466346154
344299.68240,365935.65300,11082,-21635.97060,31.06837054683,-6.28405186100,-1.95235251760
345776.25030,373816.16840,10102,-28039.91810,34.22849438725,-8.10926663600,-2.77567987527
349413.00980,376094.72180,9255,-26681.71200,37.75397188547,-7.63615299100,-2.88295105348
350898.76350,375030.63550,9296,-24131.87200,37.74728523021,-6.87716074000,-2.59594148021
351146.01700,380098.15640,10269,-28952.13940,34.19476258643,-8.24504280200,-2.81937281137
351319.63810,397626.58510,10528,-46306.94700,33.37002641527,-13.18085924600,-4.39845621201
354042.02320,373200.30600,10045,-19158.28280,35.24559713290,-5.41130192000,-1.90724567446
354191.35100,386464.65130,9386,-32273.30030,37.73613370978,-9.11182619500,-3.43845091626
354856.04490,380511.15920,10388,-25655.11430,34.16018915094,-7.22972446700,-2.46968755295
355069.54010,376755.56450,10393,-21686.02440,34.16429713269,-6.10754287600,-2.08659909555
355534.91200,386988.91470,9421,-31454.00270,37.73855344443,-8.84695191300,-3.33871167604
357369.26690,352250.83010,10518,5118.43680,33.97692212398,1.43225433000,0.48663593839
358024.98130,384823.43990,11036,-26798.45860,32.44155321675,-7.48508065100,-2.42827642262
358170.99630,398562.60740,11646,-40391.61110,30.75485113344,-11.27718646000,-3.46828190795
358183.77400,391310.32070,10204,-33126.54670,35.10229067033,-9.24847776600,-3.24642754802
358365.68300,382967.98320,11039,-24602.30020,32.46360023553,-6.86513842300,-2.22867109340
358597.42850,382447.08040,9505,-23849.65190,37.72724129406,-6.65081509400,-2.50916905839
360480.94040,369765.61280,10814,-9284.67240,33.33465326429,-2.57563475900,-0.85857891622
362106.53260,376645.75090,11170,-14539.21830,32.41777373321,-4.01517702400,-1.30163100269
364087.42430,386499.89640,10624,-22412.47210,34.27027713667,-6.15579407700,-2.10960769014
364416.73160,392128.30130,10643,-27711.56970,34.24003867331,-7.60436261500,-2.60373670018
365055.31200,398013.34830,9464,-32958.03630,38.57304649197,-9.02823085100,-3.48246368343
367729.26820,373973.59330,11332,-6244.32510,32.45051784328,-1.69807672100,-0.55103468938
368037.69190,413540.80720,11030,-45503.11530,33.36697116047,-12.36371064700,-4.12539576609
368789.57260,391923.65960,10761,-23134.08700,34.27093881610,-6.27297752400,-2.14980828919
369091.05540,391842.50140,10800,-22751.44600,34.17509772222,-6.16418243300,-2.10661537037
369245.75870,392017.97350,9770,-22772.21480,37.79383405322,-6.16722447400,-2.33083058342
369350.98950,402564.67860,9654,-33213.68910,38.25885534493,-8.99244622200,-3.44040699192
370355.00170,392493.08270,10830,-22138.08100,34.19713773777,-5.97752991000,-2.04414413666
371561.97640,393884.43300,10840,-22322.45660,34.27693509225,-6.00773438000,-2.05926721402
373959.36200,396324.17870,10896,-22364.81670,34.32079313510,-5.98054734600,-2.05257128304
375031.10930,383727.19400,11250,-8696.08470,33.33609860444,-2.31876356000,-0.77298530667
375648.01750,404178.92110,11579,-28530.90360,32.44218131963,-7.59511624500,-2.46402138354
375876.01340,431325.68670,11257,-55449.67330,33.39042492671,-14.75211807200,-4.92579490983
376778.83570,384006.04530,11309,-7227.20960,33.31672435229,-1.91815699700,-0.63906707932
377937.13870,413010.22900,10769,-35073.09030,35.09491491318,-9.28013860200,-3.25685674622
378527.87260,410385.03700,10737,-31857.16440,35.25452850889,-8.41606832800,-2.96704520816
380592.57760,409812.43270,10084,-29219.85510,37.74222308608,-7.67746320300,-2.89764528957
384806.77160,418101.59750,11257,-33294.82590,34.18377645909,-8.65234927200,-2.95769973350
385482.87200,406252.00760,9986,-20769.13560,38.60233046265,-5.38782319700,-2.07982531544
387639.12000,426783.30220,11330,-39144.18220,34.21351456311,-10.09809902600,-3.45491458076
388187.60140,414644.62350,11363,-26457.02210,34.16242201883,-6.81552476300,-2.32834833231
389904.00860,422372.58160,11667,-32468.57300,33.41938875461,-8.32732474800,-2.78294103026
389972.11980,419827.13650,10329,-29855.01670,37.75507017136,-7.65567977400,-2.89040727079
391656.21260,429832.83480,11148,-38176.62220,35.13241950126,-9.74748286200,-3.42452656979
391930.87800,407438.91960,12222,-15508.04160,32.06765488463,-3.95683077600,-1.26886283751
392228.13800,364396.19420,9540,27831.94380,41.11406058700,7.09585598400,2.91739452830
393635.17490,448390.96580,11758,-54755.79090,33.47807236775,-13.91028911800,-4.65689665759
395941.34510,406765.91400,12167,-10824.56890,32.54223268678,-2.73388193300,-0.88966622010
397480.36950,421674.10190,11590,-24193.73240,34.29511384814,-6.08677415500,-2.08746612597
397984.32930,437198.92960,11900,-39214.60030,33.44406128571,-9.85330260800,-3.29534456303
400302.03950,434872.72890,10600,-34570.68940,37.76434334906,-8.63615120300,-3.26138579245
402057.25290,426466.13220,11726,-24408.87930,34.28767294047,-6.07099589000,-2.08160321508
402312.33320,459285.80450,12065,-56973.47130,33.34540681310,-14.16150254400,-4.72221063407
408616.35060,424340.94940,12588,-15724.59880,32.46078412774,-3.84825491600,-1.24917372100
413700.17890,445569.71910,10964,-31869.54020,37.73259566764,-7.70353551300,-2.90674390733
415315.38390,441790.76720,12949,-26475.38330,32.07316270754,-6.37476585900,-2.04458902618
418715.41060,450936.27930,11096,-32220.86870,37.73570751622,-7.69517144200,-2.90382738825
420738.82180,455415.34930,12317,-34676.52750,34.15919637899,-8.24181789300,-2.81533875944
424009.88250,451548.02760,11237,-27538.14510,37.73337033906,-6.49469416600,-2.45066700187
425845.19600,442155.99120,13256,-16310.79520,32.12471303561,-3.83021702600,-1.23044622812
430521.02450,449274.18630,13384,-18753.16180,32.16684283473,-4.35592241300,-1.40116271668
431695.70920,465253.81570,13306,-33558.10650,32.44368774989,-7.77355572100,-2.52202814520
434639.65900,498895.61860,13019,-64255.95960,33.38502642292,-14.78373136700,-4.93555262309
439421.42210,456509.62190,13542,-17088.19980,32.44878320041,-3.88879534300,-1.26186677005
440905.99870,474967.32760,11688,-34061.32890,37.72296361225,-7.72530403300,-2.91421362936
451100.06010,515549.38990,13508,-64449.32980,33.39502961948,-14.28714724300,-4.77119705360
453633.47400,463250.07130,13613,-9616.59730,33.32354910747,-2.11990469200,-0.70642748108
454543.28580,490487.02460,13609,-35943.73880,33.40019735469,-7.90766026500,-2.64117413476
455554.33600,489215.06750,13321,-33660.73150,34.19820854290,-7.38896084200,-2.52689223782
456017.46310,473223.98070,14188,-17206.51760,32.14106731745,-3.77321462300,-1.21275145193
459484.66660,501362.57250,12181,-41877.90590,37.72142407027,-9.11410302500,-3.43796945243
461188.00490,504578.18880,13484,-43390.18390,34.20261086473,-9.40835048600,-3.21790150549
461280.78560,498910.32900,13793,-37629.54340,33.44310777931,-8.15762212000,-2.72816235772
461667.00390,496852.80200,12217,-35185.79810,37.78890103135,-7.62146694500,-2.88006860113
464067.79930,517180.54330,15100,-53112.74400,30.73296684106,-11.44503972900,-3.51740026490
464815.51790,476692.54370,13940,-11877.02580,33.34401132712,-2.55521284100,-0.85201045911
465318.02150,483774.59670,14551,-18456.57520,31.97842220466,-3.96644323800,-1.26840596523
468701.63020,486180.54440,14585,-17478.91420,32.13586768598,-3.72921984300,-1.19841715461
469469.94100,523480.30330,15291,-54010.36230,30.70237008698,-11.50454109700,-3.53216678438
470507.66300,506072.03330,14503,-35564.37030,32.44209218782,-7.55872286400,-2.45220783976
472160.75210,508265.14700,12507,-36104.39490,37.75171920525,-7.64663194500,-2.88673502039
473321.88250,491559.42300,14587,-18237.54050,32.44819925276,-3.85309472800,-1.25025985467
473425.75420,492135.29230,14745,-18709.53810,32.10754521533,-3.95194767800,-1.26887338759
478902.30490,495554.44990,15004,-16652.14500,31.91830877766,-3.47714864400,-1.10984704079
479010.15670,517742.19260,14344,-38732.03590,33.39446156581,-8.08584856900,-2.70022559258
486230.32020,495909.08960,11809,-9678.76940,41.17455501736,-1.99057298500,-0.81960956897
496882.31500,535306.00990,13144,-38423.69490,37.80297588253,-7.73295682700,-2.92328780432
498716.99760,526707.37700,15508,-27990.37940,32.15869213309,-5.61247752400,-1.80489936807
498894.34390,542483.83580,13207,-43589.49190,37.77499385932,-8.73721909900,-3.30048397819
499703.41470,526206.93720,12937,-26503.52250,38.62591131638,-5.30385058800,-2.04866062457
501279.00040,558766.69030,16310,-57487.68990,30.73445741263,-11.46820230900,-3.52468975475
503149.43130,521651.08610,15637,-18501.65480,32.17685178103,-3.67716897800,-1.18319721174
510289.21560,554159.81940,13503,-43870.60380,37.79080319929,-8.59720379300,-3.24895236614
512603.10350,561872.20600,15345,-49269.10250,33.40522016944,-9.61154978600,-3.21075936787
515698.79580,538260.27180,15897,-22561.47600,32.44000728439,-4.37493284500,-1.41922853369
518183.21040,534383.14310,15971,-16199.93270,32.44525767954,-3.12629440200,-1.01433427462
518693.52870,557939.36930,15986,-39245.84060,32.44673643813,-7.56628691700,-2.45501317403
520146.74960,541498.95820,16262,-21352.20860,31.98541074899,-4.10503547600,-1.31301245849
538827.20210,557567.13700,16884,-18739.93490,31.91348034234,-3.47791181000,-1.10992270197
541600.89220,562953.37080,16686,-21352.47860,32.45840178593,-3.94247478300,-1.27966430541
546135.46240,588250.18120,14475,-42114.71880,37.72956562349,-7.71140526500,-2.90947970984
552703.90380,616169.85140,17985,-63465.94760,30.73138191827,-11.48281153100,-3.52882666667
556865.20330,598925.66790,16276,-42060.46460,34.21388567830,-7.55307825900,-2.58420156058
562590.36650,586670.51410,17343,-24080.14760,32.43904552269,-4.28022750400,-1.38846494839
585463.99600,625980.93020,18036,-40516.93420,32.46085584387,-6.92048263900,-2.24644789310
590642.82570,614245.79410,18356,-23602.96840,32.17709880693,-3.99614917400,-1.28584486816
594007.21320,660937.80480,19317,-66930.59160,30.75048988973,-11.26763953600,-3.46485435627
594438.28080,639306.56880,18330,-44868.28800,32.42980255319,-7.54801456300,-2.44780621931
594953.63490,662850.99080,19366,-67897.35590,30.72155503976,-11.41220961000,-3.50600825674
603748.78950,626259.38680,18775,-22510.59730,32.15705936085,-3.72847079600,-1.19896656724
611894.67320,636341.31590,18867,-24446.64270,32.43200684794,-3.99523705200,-1.29573555414
612236.00580,627927.75870,18366,-15691.75290,33.33529379288,-2.56302353200,-0.85439142437
617019.09150,661010.59130,19017,-43991.49980,32.44565870011,-7.12968211300,-2.31327232476
628685.21880,653779.96350,19384,-25094.74470,32.43320361123,-3.99162314500,-1.29461126187
656245.82840,705891.30030,20223,-49645.47190,32.45046869406,-7.56507237900,-2.45490144390
661876.50000,686656.79100,20805,-24780.29100,31.81333813987,-3.74394483000,-1.19107382841
715032.18990,777522.19280,18936,-62490.00290,37.76046630228,-8.73946708700,-3.30006352450
717096.71280,797788.89200,23310,-80692.17920,30.76347974260,-11.25262154500,-3.46169794938
846678.38820,872081.58500,26410,-25403.19680,32.05900750473,-3.00033603700,-0.96187795532
